,province,ty,city,district_name,district_phone,district_zipcode
0,北京市,city,北京市,0,010,100000
1,北京市,district,北京市,东城区,010,100000
2,北京市,district,北京市,崇文区,010,100000
3,北京市,district,北京市,朝阳区,010,100000
4,北京市,district,北京市,石景山区,010,100000
5,北京市,district,北京市,通州区,010,101100
6,北京市,district,北京市,平谷区,010,101200
7,北京市,district,北京市,顺义区,010,101300
8,北京市,district,北京市,密云县,010,101500
9,北京市,district,北京市,昌平区,010,101000
10,北京市,district,北京市,房山区,010,102400
11,上海市,city,上海市,0,021,200000
12,上海市,district,上海市,黄浦区,021,200000
13,上海市,district,上海市,徐汇区,021,200000
14,上海市,district,上海市,静安区,021,200000
15,上海市,district,上海市,闸北区,021,200000
16,上海市,district,上海市,杨浦区,021,200000
17,上海市,district,上海市,闵行区,021,201100
18,上海市,district,上海市,南汇区,021,201300
19,上海市,district,上海市,金山区,021,201500
20,上海市,district,上海市,青浦区,021,201700
21,上海市,district,上海市,宝山区,021,201900
22,天津市,city,天津市,0,022,300000
23,天津市,district,天津市,和平区,022,300000
24,天津市,district,天津市,河西区,022,300000
25,天津市,district,天津市,河北区,022,300000
26,天津市,district,天津市,大港区,022,300000
27,天津市,district,天津市,西青区,022,300000
28,天津市,district,天津市,北辰区,022,300000
29,天津市,district,天津市,汉沽区,022,300480
30,天津市,district,天津市,静海县,022,301600
31,天津市,district,天津市,宝坻区,022,301800
32,重庆市,city,重庆市,0,023,404100
33,重庆市,district,重庆市,渝中区,023,400000
34,重庆市,district,重庆市,江北区,023,400000
35,重庆市,district,重庆市,九龙坡区,023,400000
36,重庆市,district,重庆市,北碚区,023,400700
37,重庆市,district,重庆市,南桐,023,400800
38,重庆市,district,重庆市,渝北区,023,401120
39,重庆市,district,重庆市,巴县,023,401300
40,重庆市,district,重庆市,綦江县,023,401420
41,重庆市,district,重庆市,永川市,023,402160
42,重庆市,district,重庆市,大足县,023,402360
43,重庆市,district,重庆市,铜梁县,023,402560
44,重庆市,district,重庆市,壁山,023,402700
45,重庆市,district,重庆市,万县,023,404000
46,重庆市,district,重庆市,忠县,023,404300
47,重庆市,district,重庆市,奉节县,023,404600
48,重庆市,district,重庆市,梁平县,023,405200
49,重庆市,district,重庆市,巫溪县,023,405800
50,重庆市,district,重庆市,涪陵区,023,408000
51,重庆市,district,重庆市,城口县,023,405900
52,重庆市,district,重庆市,丰都县,023,408200
53,重庆市,district,重庆市,南川市,023,408400
54,重庆市,district,重庆市,黔江区,023,409000
55,重庆市,district,重庆市,彭水苗族土家族,023,409600
56,重庆市,district,重庆市,秀山土家族苗族,023,409900
57,安徽省,city,滁州,0,0550,239000
58,安徽省,district,滁州,凤阳县,0550,233100
59,安徽省,district,滁州,琅琊区,0550,239000
60,安徽省,district,滁州,来安县,0550,239200
61,安徽省,district,滁州,明光市,0550,239400
62,安徽省,city,合肥,0,0551,230000
63,安徽省,district,合肥,肥东县,0551,230000
64,安徽省,district,合肥,庐阳区,0551,230000
65,安徽省,district,合肥,蜀山区,0551,230000
66,安徽省,district,合肥,肥西县,0551,231200
67,安徽省,city,蚌埠,0,0552,233000
68,安徽省,district,蚌埠,龙子湖区,0552,233000
69,安徽省,district,蚌埠,禹会区,0552,233000
70,安徽省,district,蚌埠,五河县,0552,233300
71,安徽省,district,蚌埠,固镇县,0552,233700
72,安徽省,city,芜湖,0,0553,241000
73,安徽省,district,芜湖,芜湖县,0553,241100
74,安徽省,district,芜湖,镜湖区,0553,241000
75,安徽省,district,芜湖,鸠江区,0553,241000
76,安徽省,district,芜湖,南陵县,0553,242400
77,安徽省,city,淮南,0,0554,232000
78,安徽省,district,淮南,大通区,0554,232000
79,安徽省,district,淮南,谢家集区,0554,232000
80,安徽省,district,淮南,潘集区,0554,232000
81,安徽省,city,马鞍山,0,0555,243000
82,安徽省,district,马鞍山,金家庄区,0555,243000
83,安徽省,district,马鞍山,雨山区,0555,243000
84,安徽省,city,安庆,0,0556,246000
85,安徽省,district,安庆,桐城市,0556,231400
86,安徽省,district,安庆,大观区,0556,246000
87,安徽省,district,安庆,怀宁县,0556,246100
88,安徽省,district,安庆,潜山县,0556,246300
89,安徽省,district,安庆,宿松县,0556,246500
90,安徽省,district,安庆,枞阳县,0556,246700
91,安徽省,city,宿州,0,0557,234000
92,安徽省,district,宿州,墉桥区,0557,234000
93,安徽省,district,宿州,泗县,0557,234300
94,安徽省,district,宿州,砀山县,0557,235300
95,安徽省,city,亳州,0,0558,236000
96,安徽省,district,亳州,蒙城县,0558,233500
97,安徽省,district,亳州,利辛县,0558,236700
98,安徽省,city,阜阳,0,0558,236000
99,安徽省,district,阜阳,颍州区,0558,236000
100,安徽省,district,阜阳,颍泉区,0558,236000
101,安徽省,district,阜阳,阜南县,0558,236300
102,安徽省,district,阜阳,界首市,0558,236500
103,安徽省,city,黄山,0,0559,242700
104,安徽省,district,黄山,黄山区,0559,242700
105,安徽省,district,黄山,徽州区,0559,245061
106,安徽省,district,黄山,休宁县,0559,245400
107,安徽省,district,黄山,祁门县,0559,245600
108,安徽省,city,淮北,0,0561,235000
109,安徽省,district,淮北,杜集区,0561,235000
110,安徽省,district,淮北,烈山区,0561,235000
111,安徽省,city,铜陵,0,0562,244000
112,安徽省,district,铜陵,铜陵县,0562,244100
113,安徽省,district,铜陵,狮子山区,0562,244000
114,安徽省,city,宣城,0,0563,242000
115,安徽省,district,宣城,宣州区,0563,242000
116,安徽省,district,宣城,广德县,0563,242200
117,安徽省,district,宣城,泾县,0563,242500
118,安徽省,district,宣城,绩溪县,0563,245300
119,安徽省,city,六安,0,0564,237000
120,安徽省,district,六安,舒城县,0564,231300
121,安徽省,district,六安,金安区,0564,237000
122,安徽省,district,六安,霍山县,0564,237200
123,安徽省,district,六安,霍邱县,0564,237400
124,安徽省,city,巢湖,0,0565,238000
125,安徽省,district,巢湖,庐江县,0565,231500
126,安徽省,district,巢湖,含山县,0565,238100
127,安徽省,district,巢湖,无为县,0565,238300
128,安徽省,city,池州,0,0566,247100
129,安徽省,district,池州,青阳县,0566,242800
130,安徽省,district,池州,贵池区,0566,247100
131,福建省,city,福州,0,0591,350000
132,福建省,district,福州,鼓楼区,0591,350000
133,福建省,district,福州,仓山区,0591,350000
134,福建省,district,福州,晋安区,0591,350000
135,福建省,district,福州,长乐市,0591,350200
136,福建省,district,福州,平潭县,0591,350400
137,福建省,district,福州,罗源县,0591,350600
138,福建省,district,福州,闽清县,0591,350800
139,福建省,city,厦门,0,0592,361000
140,福建省,district,厦门,思明区,0592,361000
141,福建省,district,厦门,湖里区,0592,361000
142,福建省,district,厦门,同安区,0592,361100
143,福建省,city,宁德,0,0593,352000
144,福建省,district,宁德,蕉城区,0593,352000
145,福建省,district,宁德,屏南县,0593,352300
146,福建省,district,宁德,霞浦县,0593,355100
147,福建省,district,宁德,柘荣县,0593,355300
148,福建省,district,宁德,寿宁县,0593,355500
149,福建省,city,莆田,0,0594,351100
150,福建省,district,莆田,城厢区,0594,351100
151,福建省,district,莆田,荔城区,0594,351100
152,福建省,district,莆田,仙游县,0594,351200
153,福建省,city,泉州,0,0595,362000
154,福建省,district,泉州,鲤城区,0595,362000
155,福建省,district,泉州,洛江区,0595,362000
156,福建省,district,泉州,泉港区,0595,362100
157,福建省,district,泉州,晋江市,0595,362200
158,福建省,district,泉州,安溪县,0595,362400
159,福建省,district,泉州,永春县,0595,362600
160,福建省,city,漳州,0,0596,363000
161,福建省,district,漳州,芗城区,0596,363000
162,福建省,district,漳州,龙海市,0596,363100
163,福建省,district,漳州,云霄县,0596,363300
164,福建省,district,漳州,诏安县,0596,363500
165,福建省,district,漳州,平和县,0596,363700
166,福建省,district,漳州,长泰县,0596,363900
167,福建省,city,龙岩,0,0597,364000
168,福建省,district,龙岩,新罗区,0597,364000
169,福建省,district,龙岩,上杭县,0597,364200
170,福建省,district,龙岩,漳平市,0597,364400
171,福建省,district,龙岩,长汀县,0597,366300
172,福建省,city,三明,0,0598,365000
173,福建省,district,三明,将乐县,0598,353300
174,福建省,district,三明,建宁县,0598,354500
175,福建省,district,三明,三元区,0598,365000
176,福建省,district,三明,明溪县,0598,365200
177,福建省,district,三明,宁化县,0598,365400
178,福建省,district,三明,永安市,0598,366000
179,福建省,city,南平,0,0599,353000
180,福建省,district,南平,延平区,0599,353000
181,福建省,district,南平,顺昌县,0599,353200
182,福建省,district,南平,松溪县,0599,353500
183,福建省,district,南平,邵武市,0599,354000
184,福建省,district,南平,建阳市,0599,354200
185,甘肃省,city,临夏回族自治州,0,0930,731100
186,甘肃省,district,临夏回族自治州,临夏市,0930,731100
187,甘肃省,district,临夏回族自治州,广河县,0930,731300
188,甘肃省,district,临夏回族自治州,康乐县,0930,731500
189,甘肃省,district,临夏回族自治州,积石山保安族东乡族撒拉族,0930,731700
190,甘肃省,city,兰州,0,0931,730000
191,甘肃省,district,兰州,城关区,0931,730030
192,甘肃省,district,兰州,西固区,0931,730060
193,甘肃省,district,兰州,红古区,0931,730080
194,甘肃省,district,兰州,皋兰县,0931,730200
195,甘肃省,city,定西,0,0932,743000
196,甘肃省,district,定西,临洮县,0932,730500
197,甘肃省,district,定西,安定区,0932,744300
198,甘肃省,district,定西,渭源县,0932,748200
199,甘肃省,district,定西,岷县,0932,748400
200,甘肃省,city,平凉,0,0933,744000
201,甘肃省,district,平凉,静宁县,0933,743400
202,甘肃省,district,平凉,华亭县,0933,744100
203,甘肃省,district,平凉,泾川县,0933,744300
204,甘肃省,district,平凉,庄浪县,0933,744600
205,甘肃省,city,庆阳,0,0934,745000
206,甘肃省,district,庆阳,镇原县,0934,744500
207,甘肃省,district,庆阳,庆城县,0934,745100
208,甘肃省,district,庆阳,正宁县,0934,745300
209,甘肃省,district,庆阳,华池县,0934,745600
210,甘肃省,city,金昌,0,0935,737100
211,甘肃省,district,金昌,金川区,0935,737100
212,甘肃省,city,武威,0,0935,733000
213,甘肃省,district,武威,凉州区,0935,733000
214,甘肃省,district,武威,天祝藏族自治县,0935,733200
215,甘肃省,district,武威,萧南,0936,734400
216,甘肃省,city,张掖,0,0936,734000
217,甘肃省,district,张掖,甘州区,0936,734000
218,甘肃省,district,张掖,临泽县,0936,734200
219,甘肃省,district,张掖,肃南裕固族自治县,0936,734400
220,甘肃省,district,张掖,安西,0937,736100
221,甘肃省,city,嘉峪关,0,0937,735100
222,甘肃省,city,酒泉,0,0937,735000
223,甘肃省,district,酒泉,肃州区,0937,735000
224,甘肃省,district,酒泉,金塔县,0937,735300
225,甘肃省,district,酒泉,敦煌市,0937,736200
226,甘肃省,district,酒泉,阿克塞哈萨克族自治县,0937,736400
227,甘肃省,city,天水,0,0938,741000
228,甘肃省,district,天水,秦州区,0938,741000
229,甘肃省,district,天水,甘谷县,0938,741200
230,甘肃省,district,天水,清水县,0938,741400
231,甘肃省,district,天水,秦安县,0938,741600
232,甘肃省,city,陇南,0,0939,742500
233,甘肃省,district,陇南,西和县,0939,742100
234,甘肃省,district,陇南,徽县,0939,742300
235,甘肃省,district,陇南,成县,0939,742500
236,甘肃省,district,陇南,文县,0939,746400
237,甘肃省,district,陇南,宕昌县,0939,748500
238,甘肃省,city,甘南藏族自治州,0,0941,747000
239,甘肃省,district,甘南藏族自治州,舟曲县,0941,746300
240,甘肃省,district,甘南藏族自治州,夏河县,0941,747100
241,甘肃省,district,甘南藏族自治州,玛曲县,0941,747300
242,甘肃省,district,甘南藏族自治州,临潭县,0941,747500
243,甘肃省,district,甘南藏族自治州,甘南州,09411,747000
244,甘肃省,city,白银,0,0943,730900
245,甘肃省,district,白银,白银区,0943,730900
246,甘肃省,district,白银,靖远县,0943,730600
247,甘肃省,district,白银,平川区,0943,730900
248,广东省,city,广州,0,020,0510000
249,广东省,district,广州,荔湾区,020,0510000
250,广东省,district,广州,海珠区,020,0510000
251,广东省,district,广州,白云区,020,0510000
252,广东省,district,广州,黄埔区,020,0510700
253,广东省,district,广州,从化市,020,0510900
254,广东省,district,广州,南沙区,020,0511400
255,广东省,city,汕尾,0,0660,0516600
256,广东省,district,汕尾,海丰县,0660,0516400
257,广东省,district,汕尾,城区,0660,0516600
258,广东省,city,阳江,0,0662,0529500
259,广东省,district,阳江,江城区,0662,0529500
260,广东省,district,阳江,阳西县,0662,0529800
261,广东省,city,揭阳,0,0663,0522000
262,广东省,district,揭阳,惠来县,0663,0515200
263,广东省,district,揭阳,揭西县,0663,0515400
264,广东省,district,揭阳,榕城区,0663,0522000
265,广东省,city,茂名,0,0668,0525000
266,广东省,district,茂名,茂南区,0668,0525000
267,广东省,district,茂名,化州市,0668,0525100
268,广东省,district,茂名,信宜市,0668,0525300
269,广东省,city,江门,0,0750,0529000
270,广东省,district,江门,蓬江区,0750,0529000
271,广东省,district,江门,新会区,0750,0529100
272,广东省,district,江门,开平市,0750,0529300
273,广东省,district,江门,,,
274,广东省,district,江门,鹤山市,0750,0529700
275,广东省,district,江门,,,
276,广东省,city,韶关,0,0751,0512000
277,广东省,district,韶关,新丰县,0751,0511100
278,广东省,district,韶关,浈江区,0751,0512000
279,广东省,district,韶关,乐昌市,0751,0512200
280,广东省,district,韶关,南雄市,0751,0512400
281,广东省,district,韶关,翁源县,0751,0512600
282,广东省,city,惠州,0,0752,0516000
283,广东省,district,惠州,惠城区,0752,0516000
284,广东省,district,惠州,惠阳区,0752,0516200
285,广东省,district,惠州,龙门县,0752,0516800
286,广东省,city,梅州,0,0753,0514000
287,广东省,district,梅州,梅江区,0753,0514000
288,广东省,district,梅州,大埔县,0753,0514200
289,广东省,district,梅州,五华县,0753,0514400
290,广东省,district,梅州,平远县,0753,0514600
291,广东省,city,汕头,0,0754,0515000
292,广东省,district,汕头,龙湖区,0754,0515000
293,广东省,district,汕头,濠江区,0754,0515000
294,广东省,district,汕头,潮南区,0754,0515100
295,广东省,district,汕头,南澳县,0754,0515900
296,广东省,city,深圳,0,0755,0518000
297,广东省,district,深圳,盐田区,0755,0518000
298,广东省,district,深圳,福田区,0755,0518000
299,广东省,district,深圳,宝安区,0755,0518100
300,广东省,city,珠海,0,0756,0519000
301,广东省,district,珠海,香洲区,0756,0519000
302,广东省,district,珠海,斗门区,0756,0519100
303,广东省,city,佛山,0,0757,0528000
304,广东省,district,佛山,禅城区,0757,0528000
305,广东省,district,佛山,三水区,0757,0528100
306,广东省,district,佛山,高明区,0757,0528500
307,广东省,city,肇庆,0,0758,0526000
308,广东省,district,肇庆,端州区,0758,0526000
309,广东省,district,肇庆,高要市,0758,0526100
310,广东省,district,肇庆,广宁县,0758,0526300
311,广东省,district,肇庆,封开县,0758,0526500
312,广东省,city,湛江,0,0759,0524000
313,广东省,district,湛江,赤坎区,0759,0524000
314,广东省,district,湛江,坡头区,0759,0524000
315,广东省,district,湛江,徐闻县,0759,0524100
316,广东省,district,湛江,遂溪县,0759,0524300
317,广东省,district,湛江,吴川市,0759,0524500
318,广东省,city,中山,0,0760,0528400
319,广东省,city,河源,0,0762,0517000
320,广东省,district,河源,源城区,0762,0517000
321,广东省,district,河源,和平县,0762,0517200
322,广东省,district,河源,紫金县,0762,0517400
323,广东省,city,清远,0,0763,0511500
324,广东省,district,清远,清城区,0763,0511500
325,广东省,district,清远,清新县,0763,0511800
326,广东省,district,清远,阳山县,0763,0513100
327,广东省,district,清远,连南瑶族自治县,0763,0513300
328,广东省,city,云浮,0,0766,0527300
329,广东省,district,云浮,郁南县,0766,0527100
330,广东省,district,云浮,云城区,0766,0527300
331,广东省,district,云浮,云安县,0766,0527500
332,广东省,city,潮州,0,0768,0521000
333,广东省,district,潮州,潮安县,0768,0515600
334,广东省,district,潮州,湘桥区,0768,0521000
335,广东省,city,东莞,0,0769,0523000
336,广西自治区,city,防城港,0,0770,0538000
337,广西自治区,district,防城港,上思县,0770,0535500
338,广西自治区,district,防城港,港口区,0770,0538000
339,广西自治区,city,崇左,0,0771,0532200
340,广西自治区,district,崇左,扶绥县,0771,0532100
341,广西自治区,district,崇左,大新县,0771,0532300
342,广西自治区,district,崇左,宁明县,0771,0532500
343,广西自治区,district,崇左,天等县,0771,0532800
344,广西自治区,city,南宁,0,0771,0530000
345,广西自治区,district,南宁,兴宁区,0771,0530000
346,广西自治区,district,南宁,江南区,0771,0530000
347,广西自治区,district,南宁,武鸣县,0771,0530100
348,广西自治区,district,南宁,邕宁区,0771,0530200
349,广西自治区,district,南宁,宾阳县,0771,0530400
350,广西自治区,district,南宁,马山县,0771,0530600
351,广西自治区,district,南宁,融冰,0772,0545300
352,广西自治区,city,来宾,0,0772,0546100
353,广西自治区,district,来宾,金秀瑶族自治县,0772,0545700
354,广西自治区,district,来宾,武宣县,0772,0545900
355,广西自治区,district,来宾,忻城县,0772,0546200
356,广西自治区,city,柳州,0,0772,0545000
357,广西自治区,district,柳州,城中区,0772,0545000
358,广西自治区,district,柳州,柳南区,0772,0545000
359,广西自治区,district,柳州,柳江县,0772,0545100
360,广西自治区,district,柳州,融水苗族自治县,0772,0545300
361,广西自治区,district,柳州,三江侗族自治县,0772,0545500
362,广西自治区,district,柳州,荔浦,0773,0546600
363,广西自治区,city,桂林,0,0773,0541000
364,广西自治区,district,桂林,秀峰区,0773,0541000
365,广西自治区,district,桂林,象山区,0773,0541000
366,广西自治区,district,桂林,雁山区,0773,0541000
367,广西自治区,district,桂林,灵川县,0773,0541200
368,广西自治区,district,桂林,资源县,0773,0541400
369,广西自治区,district,桂林,灌阳县,0773,0541600
370,广西自治区,district,桂林,永福县,0773,0541800
371,广西自治区,district,桂林,平乐县,0773,0542400
372,广西自治区,district,桂林,荔蒲县,0773,0546600
373,广西自治区,city,贺州,0,0774,0542800
374,广西自治区,district,贺州,钟山县,0774,0542600
375,广西自治区,district,贺州,八步区,0774,0542800
376,广西自治区,city,梧州,0,0774,0543000
377,广西自治区,district,梧州,万秀区,0774,0543000
378,广西自治区,district,梧州,长洲区,0774,0543000
379,广西自治区,district,梧州,岑溪市,0774,0543200
380,广西自治区,district,梧州,蒙山县,0774,0546700
381,广西自治区,city,贵港,0,0775,0537000
382,广西自治区,district,贵港,港北区,0775,0537100
383,广西自治区,district,贵港,覃塘区,0775,0537100
384,广西自治区,district,贵港,平南县,0775,0537300
385,广西自治区,city,玉林,0,0775,0537000
386,广西自治区,district,玉林,玉州区,0775,0537000
387,广西自治区,district,玉林,容县,0775,0537500
388,广西自治区,district,玉林,陆川县,0775,0537700
389,广西自治区,city,百色,0,0776,0533000
390,广西自治区,district,百色,平果县,0776,0531400
391,广西自治区,district,百色,右江区,0776,0533000
392,广西自治区,district,百色,乐业县,0776,0533200
393,广西自治区,district,百色,西林县,0776,0533500
394,广西自治区,district,百色,田阳县,0776,0533600
395,广西自治区,district,百色,靖西县,0776,0533800
396,广西自治区,city,钦州,0,0777,0535000
397,广西自治区,district,钦州,钦南区,0777,0535000
398,广西自治区,district,钦州,浦北县,0777,0535300
399,广西自治区,city,河池,0,0778,0547000
400,广西自治区,district,河池,都安瑶族自治县,0778,0530700
401,广西自治区,district,河池,宜州市,0778,0546300
402,广西自治区,district,河池,金城江区,0778,0547000
403,广西自治区,district,河池,南丹县,0778,0547200
404,广西自治区,district,河池,东兰县,0778,0547400
405,广西自治区,district,河池,凤山县,0778,0547600
406,广西自治区,city,北海,0,0779,0536000
407,广西自治区,district,北海,铁山港区,0779,0536000
408,广西自治区,district,北海,银海区,0779,0536000
409,贵州省,city,贵阳,0,0851,550000
410,贵州省,district,贵阳,南明区,0851,550000
411,贵州省,district,贵阳,花溪区,0851,550000
412,贵州省,district,贵阳,白云区,0851,550000
413,贵州省,district,贵阳,修文县,0851,550200
414,贵州省,district,贵阳,息烽县,0851,551100
415,贵州省,city,遵义,0,0852,563000
416,贵州省,district,遵义,遵义县,0852,563100
417,贵州省,district,遵义,汇川区,0852,563000
418,贵州省,district,遵义,绥阳县,0852,563300
419,贵州省,district,遵义,道真仡佬族苗族,0852,563500
420,贵州省,district,遵义,凤冈县,0852,564200
421,贵州省,district,遵义,余庆县,0852,564400
422,贵州省,district,遵义,习水县,0852,564600
423,贵州省,city,安顺,0,0853,561000
424,贵州省,district,安顺,紫云苗族布依族,0853,550800
425,贵州省,district,安顺,平坝县,0853,561100
426,贵州省,district,安顺,关岭布依族苗族,0853,561300
427,贵州省,city,黔南布依族苗族,0,0854,558000
428,贵州省,district,黔南布依族苗族,罗甸县,0854,550100
429,贵州省,district,黔南布依族苗族,福泉市,0854,550500
430,贵州省,district,黔南布依族苗族,长顺县,0854,550700
431,贵州省,district,黔南布依族苗族,贵定县,0854,551300
432,贵州省,district,黔南布依族苗族,三都水族自治县,0854,558100
433,贵州省,district,黔南布依族苗族,平塘县,0854,558300
434,贵州省,city,黔东南苗族侗族,0,0855,556000
435,贵州省,district,黔东南苗族侗族,凯里市,0855,556000
436,贵州省,district,黔东南苗族侗族,施秉县,0855,556200
437,贵州省,district,黔东南苗族侗族,剑河县,0855,556400
438,贵州省,district,黔东南苗族侗族,天柱县,0855,556600
439,贵州省,district,黔东南苗族侗族,雷山县,0855,557100
440,贵州省,district,黔东南苗族侗族,黎平县,0855,557300
441,贵州省,district,黔东南苗族侗族,丹寨县,0855,557500
442,贵州省,district,黔东南苗族侗族,镇远县,0855,557700
443,贵州省,city,铜仁地区,0,0856,554300
444,贵州省,district,铜仁地区,玉屏侗族自治县,0856,554000
445,贵州省,district,铜仁地区,万山特区,0856,554200
446,贵州省,district,铜仁地区,江口县,0856,554400
447,贵州省,district,铜仁地区,印江土家族苗族,0856,555200
448,贵州省,district,铜仁地区,德江县,0856,565200
449,贵州省,city,毕节地区,0,0857,551700
450,贵州省,district,毕节地区,黔西县,0857,551500
451,贵州省,district,毕节地区,毕节市,0857,551700
452,贵州省,district,毕节地区,织金县,0857,552100
453,贵州省,district,毕节地区,赫章县,0857,553200
454,贵州省,city,六盘水,0,0858,553000
455,贵州省,district,六盘水,钟山区,0858,553000
456,贵州省,district,六盘水,盘县,0858,553500
457,贵州省,city,黔西南布依族苗族,0,0859,562400
458,贵州省,district,黔西南布依族苗族,册亨县,0859,552200
459,贵州省,district,黔西南布依族苗族,安龙县,0859,552400
460,贵州省,district,黔西南布依族苗族,普安县,0859,561500
461,贵州省,district,黔西南布依族苗族,兴仁县,0859,562300
462,海南省,city,海口,0,0898,570100
463,海南省,district,海口,秀英区,0898,570100
464,海南省,district,海口,美兰区,0898,570100
465,海南省,district,海口,安定,0898,571200
466,海南省,city,三亚,0,0898,572000
467,海南省,district,三亚,定安县,0898,571200
468,海南省,district,三亚,琼海市,0898,571400
469,海南省,district,三亚,屯昌县,0898,571600
470,海南省,district,三亚,临高县,0898,571800
471,海南省,district,三亚,五指山市,0898,572200
472,海南省,district,三亚,陵水黎族自治县,0898,572400
473,海南省,district,三亚,东方市,0898,572600
474,海南省,district,三亚,白沙黎族自治县,0898,572800
475,海南省,district,三亚,通什,0899,572200
476,海南省,city,三沙市,0,0898,573100
477,海南省,district,三沙市,中沙群岛,0898,573100
478,海南省,district,三沙市,南沙群岛,0898,573100
479,河北省,city,邯郸,0,0310,056000
480,河北省,district,邯郸,邯山区,0310,056000
481,河北省,district,邯郸,复兴区,0310,056000
482,河北省,district,邯郸,武安市,0310,056300
483,河北省,district,邯郸,磁县,0310,056500
484,河北省,district,邯郸,成安县,0310,056700
485,河北省,district,邯郸,大名县,0310,056900
486,河北省,district,邯郸,曲周县,0310,057250
487,河北省,district,邯郸,邱县,0310,057450
488,河北省,district,邯郸,广平县,0310,057650
489,河北省,district,邯郸,丘县,0310,057400
490,河北省,city,石家庄,0,0311,050000
491,河北省,district,石家庄,长安区,0311,050000
492,河北省,district,石家庄,桥西区,0311,050000
493,河北省,district,石家庄,裕华区,0311,050000
494,河北省,district,石家庄,鹿泉市,0311,050200
495,河北省,district,石家庄,平山县,0311,050400
496,河北省,district,石家庄,行唐县,0311,050600
497,河北省,district,石家庄,正定县,0311,050800
498,河北省,district,石家庄,赞皇县,0311,051230
499,河北省,district,石家庄,栾城县,0311,051430
500,河北省,district,石家庄,藁城市,0311,052160
501,河北省,district,石家庄,辛集市,0311,052300
502,河北省,district,石家庄,深泽县,0311,052500
503,河北省,city,保定,0,0312,071000
504,河北省,district,保定,新市区,0312,071000
505,河北省,district,保定,南市区,0312,071000
506,河北省,district,保定,安国市,0312,071200
507,河北省,district,保定,蠡县,0312,071400
508,河北省,district,保定,安新县,0312,071600
509,河北省,district,保定,雄县,0312,071800
510,河北省,district,保定,顺平县,0312,072250
511,河北省,district,保定,望都县,0312,072450
512,河北省,district,保定,定兴县,0312,072650
513,河北省,district,保定,定州市,0312,073000
514,河北省,district,保定,阜平县,0312,073200
515,河北省,district,保定,涞水县,0312,074100
516,河北省,district,保定,涞源县,0312,074300
517,河北省,city,张家口,0,0313,075000
518,河北省,district,张家口,桥东区,0313,075000
519,河北省,district,张家口,宣化区,0313,075000
520,河北省,district,张家口,下花园区,0313,075300
521,河北省,district,张家口,赤城县,0313,075500
522,河北省,district,张家口,蔚县,0313,075700
523,河北省,district,张家口,怀安县,0313,076150
524,河北省,district,张家口,崇礼县,0313,076350
525,河北省,district,张家口,沽源县,0313,076550
526,河北省,district,张家口,尚义县,0313,076750
527,河北省,city,承德,0,0314,067000
528,河北省,district,承德,承德县,0314,067400
529,河北省,district,承德,双滦区,0314,067000
530,河北省,district,承德,兴隆县,0314,067300
531,河北省,district,承德,宽城满族自治县,0314,067600
532,河北省,district,承德,滦平县,0314,068250
533,河北省,district,承德,围场满族蒙古族,0314,068450
534,河北省,city,唐山,0,0315,063000
535,河北省,district,唐山,路南区,0315,063000
536,河北省,district,唐山,开平区,0315,063000
537,河北省,district,唐山,古冶区,0315,063100
538,河北省,district,唐山,丰南区,0315,063300
539,河北省,district,唐山,乐亭县,0315,063600
540,河北省,district,唐山,玉田县,0315,064100
541,河北省,district,唐山,迁西县,0315,064300
542,河北省,city,廊坊,0,0316,065000
543,河北省,district,廊坊,安次区,0316,065000
544,河北省,district,廊坊,三河市,0316,065200
545,河北省,district,廊坊,香河县,0316,065400
546,河北省,district,廊坊,永清县,0316,065600
547,河北省,district,廊坊,文安县,0316,065800
548,河北省,city,沧州,0,0317,061000
549,河北省,district,沧州,新华区,0317,061000
550,河北省,district,沧州,沧县,0317,061000
551,河北省,district,沧州,海兴县,0317,061200
552,河北省,district,沧州,孟村回族自治县,0317,061400
553,河北省,district,沧州,东光县,0317,061600
554,河北省,district,沧州,泊头市,0317,062150
555,河北省,district,沧州,肃宁县,0317,062350
556,河北省,district,沧州,任丘市,0317,062550
557,河北省,district,沧州,铙阳,0318,052700
558,河北省,city,衡水,0,0318,053000
559,河北省,district,衡水,深州市,0318,052800
560,河北省,district,衡水,枣强县,0318,053100
561,河北省,district,衡水,武强县,0318,053300
562,河北省,district,衡水,景县,0318,053500
563,河北省,district,衡水,阜城县,0318,053700
564,河北省,district,衡水,故城县,0318,053800
565,河北省,city,邢台,0,0319,054000
566,河北省,district,邢台,邢台县,0319,054000
567,河北省,district,邢台,南宫市,0319,051800
568,河北省,district,邢台,桥西区,0319,054000
569,河北省,district,邢台,内丘县,0319,054200
570,河北省,district,邢台,南和县,0319,054400
571,河北省,district,邢台,广宗县,0319,054600
572,河北省,district,邢台,清河县,0319,054800
573,河北省,district,邢台,任县,0319,055150
574,河北省,district,邢台,隆尧县,0319,055350
575,河北省,district,邢台,宁晋县,0319,055550
576,河北省,city,秦皇岛,0,0335,066000
577,河北省,district,秦皇岛,海港区,0335,066000
578,河北省,district,秦皇岛,山海关区,0335,066200
579,河北省,district,秦皇岛,卢龙县,0335,066400
580,河北省,district,秦皇岛,昌黎县,0335,066600
581,河南省,city,商丘,0,0370,476000
582,河南省,district,商丘,梁园区,0370,476000
583,河南省,district,商丘,柘城县,0370,476200
584,河南省,district,商丘,夏邑县,0370,476400
585,河南省,district,商丘,宁陵县,0370,476700
586,河南省,district,商丘,睢县,0370,476900
587,河南省,city,郑州,0,0371,450000
588,河南省,district,郑州,中原区,0371,450000
589,河南省,district,郑州,管城回族区,0371,450000
590,河南省,district,郑州,邙山区,0371,450000
591,河南省,district,郑州,荥阳市,0371,450100
592,河南省,district,郑州,巩义市,0371,451200
593,河南省,district,郑州,新密市,0371,452370
594,河南省,city,安阳,0,0372,455000
595,河南省,district,安阳,安阳县,0372,455100
596,河南省,district,安阳,龙安区,0372,455000
597,河南省,district,安阳,北关区,0372,455000
598,河南省,district,安阳,内黄县,0372,456300
599,河南省,district,安阳,林州市,0372,456500
600,河南省,city,新乡,0,0373,453000
601,河南省,district,新乡,新乡县,0373,453700
602,河南省,district,新乡,卫辉市,0373,453100
603,河南省,district,新乡,封丘县,0373,453300
604,河南省,district,新乡,原阳县,0373,453500
605,河南省,district,新乡,获嘉县,0373,453800
606,河南省,city,许昌,0,0374,461000
607,河南省,district,许昌,许昌县,0374,461100
608,河南省,district,许昌,襄城县,0374,452670
609,河南省,district,许昌,鄢陵县,0374,461200
610,河南省,city,平顶山,0,0375,467000
611,河南省,district,平顶山,舞钢市,0375,462500
612,河南省,district,平顶山,石龙区,0375,467000
613,河南省,district,平顶山,新华区,0375,467000
614,河南省,district,平顶山,叶县,0375,467200
615,河南省,district,平顶山,宝丰县,0375,467400
616,河南省,district,平顶山,信阳县,0376,464100
617,河南省,city,信阳,0,0376,464000
618,河南省,district,信阳,师河区,0376,464000
619,河南省,district,信阳,罗山县,0376,464200
620,河南省,district,信阳,淮滨县,0376,464400
621,河南省,district,信阳,固始县,0376,465200
622,河南省,district,信阳,光山县,0376,465450
623,河南省,district,信阳,浙川,0377,474400
624,河南省,city,南阳,0,0377,473000
625,河南省,district,南阳,宛城区,0377,473000
626,河南省,district,南阳,方城县,0377,473200
627,河南省,district,南阳,唐河县,0377,473400
628,河南省,district,南阳,邓州市,0377,474150
629,河南省,district,南阳,内乡县,0377,474350
630,河南省,district,南阳,西峡县,0377,474550
631,河南省,district,南阳,桐柏县,0377,474750
632,河南省,city,开封,0,0378,475000
633,河南省,district,开封,开封县,0378,475100
634,河南省,district,开封,龙亭区,0378,475000
635,河南省,district,开封,鼓楼区,0378,475000
636,河南省,district,开封,杞县,0378,475200
637,河南省,district,开封,通许县,0378,475400
638,河南省,city,洛阳,0,0379,471000
639,河南省,district,洛阳,老城区,0379,471000
640,河南省,district,洛阳,廛河回族区,0379,471000
641,河南省,district,洛阳,吉利区,0379,471000
642,河南省,district,洛阳,孟津县,0379,471100
643,河南省,district,洛阳,伊川县,0379,471300
644,河南省,district,洛阳,栾川县,0379,471500
645,河南省,district,洛阳,洛宁县,0379,471700
646,河南省,district,洛阳,偃师市,0379,471900
647,河南省,city,济源,0,0391,454650
648,河南省,city,焦作,0,0391,454150
649,河南省,district,焦作,解放区,0391,454150
650,河南省,district,焦作,马村区,0391,454150
651,河南省,district,焦作,修武县,0391,454350
652,河南省,district,焦作,沁阳市,0391,454550
653,河南省,district,焦作,温县,0391,454850
654,河南省,city,鹤壁,0,0392,458000
655,河南省,district,鹤壁,浚县,0392,456250
656,河南省,district,鹤壁,鹤山区,0392,458000
657,河南省,district,鹤壁,淇滨区,0392,458000
658,河南省,city,濮阳,0,0393,457000
659,河南省,district,濮阳,濮阳县,0393,457100
660,河南省,district,濮阳,南乐县,0393,457400
661,河南省,district,濮阳,台前县,0393,457600
662,河南省,city,周口,0,0394,466000
663,河南省,district,周口,扶沟县,0394,461300
664,河南省,district,周口,商水县,0394,466100
665,河南省,district,周口,沈丘县,0394,466300
666,河南省,district,周口,淮阳县,0394,466700
667,河南省,district,周口,郸城县,0394,477150
668,河南省,district,周口,临颖,0395,462600
669,河南省,city,漯河,0,0395,462000
670,河南省,district,漯河,源汇区,0395,462000
671,河南省,district,漯河,召陵区,0395,462300
672,河南省,district,漯河,临颍县,0395,462600
673,河南省,city,驻马店,0,0396,463000
674,河南省,district,驻马店,驿城区,0396,463000
675,河南省,district,驻马店,确山县,0396,463200
676,河南省,district,驻马店,平舆县,0396,463400
677,河南省,district,驻马店,正阳县,0396,463600
678,河南省,district,驻马店,上蔡县,0396,463800
679,河南省,city,三门峡,0,0398,472000
680,河南省,district,三门峡,湖滨区,0398,472000
681,河南省,district,三门峡,卢氏县,0398,472200
682,河南省,district,三门峡,渑池县,0398,472400
683,黑龙江省,city,哈尔滨,0,0451,150000
684,黑龙江省,district,哈尔滨,道里区,0451,150000
685,黑龙江省,district,哈尔滨,道外区,0451,150000
686,黑龙江省,district,哈尔滨,动力区,0451,150000
687,黑龙江省,district,哈尔滨,松北区,0451,150000
688,黑龙江省,district,哈尔滨,双城市,0451,150100
689,黑龙江省,district,哈尔滨,宾县,0451,150400
690,黑龙江省,district,哈尔滨,尚志市,0451,150600
691,黑龙江省,district,哈尔滨,方正县,0451,150800
692,黑龙江省,district,哈尔滨,巴彦县,0451,151800
693,黑龙江省,district,哈尔滨,依兰县,0451,154800
694,黑龙江省,city,齐齐哈尔,0,0452,161000
695,黑龙江省,district,齐齐哈尔,龙沙区,0452,161000
696,黑龙江省,district,齐齐哈尔,铁锋区,0452,161000
697,黑龙江省,district,齐齐哈尔,富拉尔基区,0452,161000
698,黑龙江省,district,齐齐哈尔,梅里斯达斡尔族区,0452,161000
699,黑龙江省,district,齐齐哈尔,富裕县,0452,161200
700,黑龙江省,district,齐齐哈尔,依安县,0452,161500
701,黑龙江省,district,齐齐哈尔,甘南县,0452,162100
702,黑龙江省,district,齐齐哈尔,拜泉县,0452,164700
703,黑龙江省,city,牡丹江,0,0453,157000
704,黑龙江省,district,牡丹江,东安区,0453,157000
705,黑龙江省,district,牡丹江,爱民区,0453,157000
706,黑龙江省,district,牡丹江,海林市,0453,157100
707,黑龙江省,district,牡丹江,绥芬河市,0453,157300
708,黑龙江省,district,牡丹江,穆棱市,0453,157500
709,黑龙江省,city,佳木斯,0,0454,154000
710,黑龙江省,district,佳木斯,向阳区,0454,154000
711,黑龙江省,district,佳木斯,东风区,0454,154000
712,黑龙江省,district,佳木斯,桦川县,0454,154300
713,黑龙江省,district,佳木斯,汤原县,0454,154700
714,黑龙江省,district,佳木斯,同江市,0454,156400
715,黑龙江省,city,绥化,0,0455,152000
716,黑龙江省,district,绥化,肇东市,0455,151100
717,黑龙江省,district,绥化,兰西县,0455,151500
718,黑龙江省,district,绥化,明水县,0455,151700
719,黑龙江省,district,绥化,望奎县,0455,152100
720,黑龙江省,district,绥化,海伦市,0455,152300
721,黑龙江省,city,黑河,0,0456,164300
722,黑龙江省,district,黑河,嫩江县,0456,161400
723,黑龙江省,district,黑河,五大连池市,0456,164100
724,黑龙江省,district,黑河,爱辉区,0456,164300
725,黑龙江省,district,黑河,德都,0456,164100
726,黑龙江省,city,大兴安岭地区,0,0457,165000
727,黑龙江省,district,大兴安岭地区,呼玛县,0457,165100
728,黑龙江省,district,大兴安岭地区,漠河县,0457,165300
729,黑龙江省,city,伊春,0,0458,153000
730,黑龙江省,district,伊春,伊春区,0458,153000
731,黑龙江省,district,伊春,带岭区,0458,153000
732,黑龙江省,district,伊春,红星区,0458,153000
733,黑龙江省,district,伊春,南岔区,0458,153000
734,黑龙江省,district,伊春,西林区,0458,153000
735,黑龙江省,district,伊春,新青区,0458,153000
736,黑龙江省,district,伊春,金山屯区,0458,153000
737,黑龙江省,district,伊春,乌马河区,0458,153000
738,黑龙江省,district,伊春,嘉荫县,0458,153200
739,黑龙江省,city,大庆,0,0459,163000
740,黑龙江省,district,大庆,萨尔图区,0459,163000
741,黑龙江省,district,大庆,让胡路区,0459,163000
742,黑龙江省,district,大庆,大同区,0459,163000
743,黑龙江省,district,大庆,林甸县,0459,166300
744,黑龙江省,district,大庆,肇源县,0459,166500
745,黑龙江省,city,七台河,0,0464,154600
746,黑龙江省,district,七台河,勃利县,0464,154500
747,黑龙江省,district,七台河,桃山区,0464,154600
748,黑龙江省,city,鸡西,0,0467,158100
749,黑龙江省,district,鸡西,鸡冠区,0467,158100
750,黑龙江省,district,鸡西,滴道区,0467,158100
751,黑龙江省,district,鸡西,城子河区,0467,158100
752,黑龙江省,district,鸡西,鸡东县,0467,158200
753,黑龙江省,district,鸡西,虎林市,0467,158400
754,黑龙江省,city,鹤岗,0,0468,154100
755,黑龙江省,district,鹤岗,向阳区,0468,154100
756,黑龙江省,district,鹤岗,南山区,0468,154100
757,黑龙江省,district,鹤岗,东山区,0468,154100
758,黑龙江省,district,鹤岗,萝北县,0468,154200
759,黑龙江省,city,双鸭山,0,0469,155100
760,黑龙江省,district,双鸭山,尖山区,0469,155100
761,黑龙江省,district,双鸭山,四方台区,0469,155100
762,黑龙江省,district,双鸭山,宝清县,0469,155600
763,黑龙江省,district,双鸭山,友谊县,0469,155800
764,湖北省,city,武汉,0,027,430000
765,湖北省,district,武汉,江汉区,027,430000
766,湖北省,district,武汉,武昌区,027,430000
767,湖北省,district,武汉,东西湖区,027,430040
768,湖北省,district,武汉,洪山区,027,430070
769,湖北省,district,武汉,汉南区,027,430090
770,湖北省,district,武汉,江夏区,027,430200
771,湖北省,district,武汉,黄陂区,027,432200
772,湖北省,city,襄樊,0,0710,441000
773,湖北省,district,襄樊,襄城区,0710,441000
774,湖北省,district,襄樊,襄阳区,0710,441100
775,湖北省,district,襄樊,宜城市,0710,441400
776,湖北省,district,襄樊,保康县,0710,441600
777,湖北省,district,襄樊,老河口市,0710,441800
778,湖北省,city,鄂州,0,0711,436000
779,湖北省,district,鄂州,梁子湖区,0711,436000
780,湖北省,district,鄂州,鄂城区,0711,436000
781,湖北省,city,孝感,0,0712,432000
782,湖北省,district,孝感,孝南区,0712,432100
783,湖北省,district,孝感,应城市,0712,432400
784,湖北省,district,孝感,安陆市,0712,432600
785,湖北省,district,孝感,孝昌县,0712,432900
786,湖北省,city,黄冈,0,0713,438000
787,湖北省,district,黄冈,蕲春县,0713,435300
788,湖北省,district,黄冈,黄梅县,0713,435500
789,湖北省,district,黄冈,黄州区,0713,438000
790,湖北省,district,黄冈,麻城市,0713,438300
791,湖北省,district,黄冈,罗田县,0713,438600
792,湖北省,city,黄石,0,0714,435000
793,湖北省,district,黄石,黄石港区,0714,435000
794,湖北省,district,黄石,铁山区,0714,435000
795,湖北省,district,黄石,阳新县,0714,435200
796,湖北省,city,咸宁,0,0715,437000
797,湖北省,district,咸宁,咸安区,0715,437000
798,湖北省,district,咸宁,赤壁市,0715,437300
799,湖北省,district,咸宁,崇阳县,0715,437500
800,湖北省,district,咸宁,荆沙,0716,434100
801,湖北省,city,荆州,0,0716,434000
802,湖北省,district,荆州,荆州区,0716,434020
803,湖北省,district,荆州,监利县,0716,433300
804,湖北省,district,荆州,江陵县,0716,434100
805,湖北省,district,荆州,公安县,0716,434300
806,湖北省,district,荆州,宜昌县,0717,443100
807,湖北省,district,荆州,远发,0717,444200
808,湖北省,city,宜昌,0,0717,443000
809,湖北省,district,宜昌,西陵区,0717,443000
810,湖北省,district,宜昌,伍家岗区,0717,443000
811,湖北省,district,宜昌,猇亭区,0717,443000
812,湖北省,district,宜昌,枝江市,0717,443200
813,湖北省,district,宜昌,长阳土家族自治县,0717,443500
814,湖北省,district,宜昌,兴山县,0717,443700
815,湖北省,district,宜昌,远安县,0717,444200
816,湖北省,city,恩施土家族苗族,0,0718,445000
817,湖北省,district,恩施土家族苗族,巴东县,0718,444300
818,湖北省,district,恩施土家族苗族,建始县,0718,445300
819,湖北省,district,恩施土家族苗族,宣恩县,0718,445500
820,湖北省,district,恩施土家族苗族,来凤县,0718,445700
821,湖北省,district,恩施土家族苗族,神农架林区,0719,442400
822,湖北省,city,十堰,0,0719,442000
823,湖北省,district,十堰,茅箭区,0719,442000
824,湖北省,district,十堰,房县,0719,442100
825,湖北省,district,十堰,竹溪县,0719,442300
826,湖北省,district,十堰,郧西县,0719,442600
827,湖北省,district,十堰,随枣,0722,441200
828,湖北省,city,随州,0,0722,441300
829,湖北省,district,随州,广水市,0722,432700
830,湖北省,city,荆门,0,0724,448000
831,湖北省,district,荆门,京山县,0724,431800
832,湖北省,district,荆门,东宝区,0724,448000
833,湖北省,district,荆门,沙洋县,0724,448200
834,湖北省,district,荆门,仙桃市,0728,433000
835,湖南省,city,岳阳,0,0730,414000
836,湖南省,district,岳阳,岳阳楼区,0730,414000
837,湖南省,district,岳阳,平江县,0730,410400
838,湖南省,district,岳阳,云溪区,0730,414000
839,湖南省,district,岳阳,华容县,0730,414200
840,湖南省,district,岳阳,汨罗市,0730,414400
841,湖南省,city,长沙,0,0731,410000
842,湖南省,district,长沙,长沙县,0731,410100
843,湖南省,district,长沙,岳麓区,0731,410000
844,湖南省,district,长沙,芙蓉区,0731,410000
845,湖南省,district,长沙,望城县,0731,410200
846,湖南省,district,长沙,宁乡县,0731,410600
847,湖南省,city,湘潭,0,0731,411100
848,湖南省,district,湘潭,湘潭县,0731,411200
849,湖南省,district,湘潭,雨湖区,0731,411100
850,湖南省,district,湘潭,湘乡市,0731,411400
851,湖南省,city,株洲,0,0731,412000
852,湖南省,district,株洲,株洲县,0731,412000
853,湖南省,district,株洲,芦淞区,0731,412000
854,湖南省,district,株洲,天元区,0731,412000
855,湖南省,district,株洲,攸县,0731,412300
856,湖南省,district,株洲,炎陵县,0731,412500
857,湖南省,city,衡阳,0,0734,421000
858,湖南省,district,衡阳,衡阳县,0734,421200
859,湖南省,district,衡阳,南岳区,0734,421000
860,湖南省,district,衡阳,雁峰区,0734,421000
861,湖南省,district,衡阳,衡南县,0734,421100
862,湖南省,district,衡阳,衡东县,0734,421400
863,湖南省,district,衡阳,祁东县,0734,421600
864,湖南省,city,郴州,0,0735,423000
865,湖南省,district,郴州,北湖区,0735,423000
866,湖南省,district,郴州,永兴县,0735,423300
867,湖南省,district,郴州,桂东县,0735,423500
868,湖南省,district,郴州,汝城县,0735,424100
869,湖南省,district,郴州,临武县,0735,424300
870,湖南省,district,郴州,嘉禾县,0735,424500
871,湖南省,city,常德,0,0736,415000
872,湖南省,district,常德,武陵区,0736,415000
873,湖南省,district,常德,临澧县,0736,415200
874,湖南省,district,常德,津市市,0736,415400
875,湖南省,district,常德,安乡县,0736,415600
876,湖南省,district,常德,汉寿县,0736,415900
877,湖南省,city,益阳,0,0737,413000
878,湖南省,district,益阳,资阳区,0737,413000
879,湖南省,district,益阳,沅江市,0737,413100
880,湖南省,district,益阳,桃江县,0737,413400
881,湖南省,city,娄底,0,0738,417000
882,湖南省,district,娄底,娄星区,0738,417000
883,湖南省,district,娄底,冷水江市,0738,417500
884,湖南省,district,娄底,双峰县,0738,417700
885,湖南省,city,邵阳,0,0739,422000
886,湖南省,district,邵阳,邵阳县,0739,422100
887,湖南省,district,邵阳,双清区,0739,422000
888,湖南省,district,邵阳,隆回县,0739,422200
889,湖南省,district,邵阳,武冈市,0739,422400
890,湖南省,district,邵阳,绥宁县,0739,422600
891,湖南省,district,邵阳,邵东县,0739,422800
892,湖南省,city,湘西土家族苗族,0,0743,416000
893,湖南省,district,湘西土家族苗族,吉首市,0743,416000
894,湖南省,district,湘西土家族苗族,凤凰县,0743,416200
895,湖南省,district,湘西土家族苗族,花垣县,0743,416400
896,湖南省,district,湘西土家族苗族,永顺县,0743,416700
897,湖南省,city,张家界,0,0744,427000
898,湖南省,district,张家界,永定区,0744,427000
899,湖南省,district,张家界,慈利县,0744,427200
900,湖南省,district,张家界,黔阳,0745,418100
901,湖南省,city,怀化,0,0745,418000
902,湖南省,district,怀化,鹤城区,0745,418000
903,湖南省,district,怀化,洪江市,0745,418200
904,湖南省,district,怀化,靖州苗族侗族,0745,418400
905,湖南省,district,怀化,芷江侗族自治县,0745,419100
906,湖南省,district,怀化,溆浦县,0745,419300
907,湖南省,district,怀化,辰溪县,0745,419500
908,湖南省,city,永州,0,0746,425000
909,湖南省,district,永州,零陵区,0746,425000
910,湖南省,district,永州,双牌县,0746,425200
911,湖南省,district,永州,江永县,0746,425400
912,湖南省,district,永州,宁远县,0746,425600
913,湖南省,district,永州,蓝山县,0746,425800
914,湖南省,district,永州,祁阳县,0746,426100
915,吉林省,city,长春,0,0431,130000
916,吉林省,district,长春,南关区,0431,130000
917,吉林省,district,长春,朝阳区,0431,130000
918,吉林省,district,长春,绿园区,0431,130000
919,吉林省,district,长春,德惠市,0431,130300
920,吉林省,district,长春,九台市,0431,130500
921,吉林省,city,吉林,0,0432,132000
922,吉林省,district,吉林,昌邑区,0432,132000
923,吉林省,district,吉林,船营区,0432,132000
924,吉林省,district,吉林,永吉县,0432,132100
925,吉林省,district,吉林,磬石,0432,132300
926,吉林省,district,吉林,蛟河市,0432,132500
927,吉林省,city,延边朝鲜族自治州,0,0433,133000
928,吉林省,district,延边朝鲜族自治州,延吉市,0433,133000
929,吉林省,district,延边朝鲜族自治州,汪清县,0433,133200
930,吉林省,district,延边朝鲜族自治州,龙井市,0433,133400
931,吉林省,district,延边朝鲜族自治州,安图县,0433,133600
932,吉林省,district,延边朝鲜族自治州,犁树,0434,136500
933,吉林省,city,四平,0,0434,136000
934,吉林省,district,四平,伊通满族自治县,0434,130700
935,吉林省,district,四平,铁东区,0434,136000
936,吉林省,district,四平,双辽市,0434,136400
937,吉林省,city,通化,0,0435,134000
938,吉林省,district,通化,通化县,0435,134100
939,吉林省,district,通化,二道江区,0435,134000
940,吉林省,district,通化,梅河口市,0435,135000
941,吉林省,district,通化,柳河县,0435,135300
942,吉林省,city,白城,0,0436,137000
943,吉林省,district,白城,大安市,0436,131300
944,吉林省,district,白城,洮南市,0436,137100
945,吉林省,district,白城,镇赉县,0436,137300
946,吉林省,city,辽源,0,0437,136200
947,吉林省,district,辽源,龙山区,0437,136200
948,吉林省,district,辽源,东丰县,0437,136300
949,吉林省,city,松原,0,0438,138000
950,吉林省,district,松原,前郭尔罗斯蒙古族,0438,131100
951,吉林省,district,松原,乾安县,0438,131400
952,吉林省,district,松原,宁江区,0438,138000
953,吉林省,city,白山,0,0439,134300
954,吉林省,district,白山,八道江区,0439,134300
955,吉林省,district,白山,抚松县,0439,134500
956,吉林省,district,白山,江源区,0439,134700
957,江苏省,city,南京,0,025,210000
958,江苏省,district,南京,玄武区,025,210000
959,江苏省,district,南京,秦淮区,025,210000
960,江苏省,district,南京,鼓楼区,025,210000
961,江苏省,district,南京,浦口区,025,210000
962,江苏省,district,南京,雨花台区,025,210000
963,江苏省,district,南京,溧水县,025,211200
964,江苏省,district,南京,六合区,025,211500
965,江苏省,city,无锡,0,0510,214000
966,江苏省,district,无锡,崇安区,0510,214000
967,江苏省,district,无锡,北塘区,0510,214000
968,江苏省,district,无锡,惠山区,0510,214000
969,江苏省,district,无锡,江阴市,0510,214400
970,江苏省,city,镇江,0,0511,212000
971,江苏省,district,镇江,京口区,0511,212000
972,江苏省,district,镇江,丹徒区,0511,212100
973,江苏省,district,镇江,丹阳市,0511,212300
974,江苏省,district,镇江,吴县,0512,215100
975,江苏省,city,苏州,0,0512,215000
976,江苏省,district,苏州,沧浪区,0512,215000
977,江苏省,district,苏州,金阊区,0512,215000
978,江苏省,district,苏州,吴中区,0512,215100
979,江苏省,district,苏州,吴江市,0512,215200
980,江苏省,district,苏州,太仓市,0512,215400
981,江苏省,district,苏州,张家港市,0512,215600
982,江苏省,city,南通,0,0513,226000
983,江苏省,district,南通,崇川区,0513,226000
984,江苏省,district,南通,海门市,0513,226100
985,江苏省,district,南通,通州市,0513,226300
986,江苏省,district,南通,如皋市,0513,226500
987,江苏省,city,扬州,0,0514,225000
988,江苏省,district,扬州,仪征市,0514,211400
989,江苏省,district,扬州,邗江区,0514,225100
990,江苏省,district,扬州,高邮市,0514,225600
991,江苏省,city,盐城,0,0515,224000
992,江苏省,district,盐城,盐都区,0515,224000
993,江苏省,district,盐城,大丰市,0515,224100
994,江苏省,district,盐城,射阳县,0515,224300
995,江苏省,district,盐城,响水县,0515,224600
996,江苏省,district,盐城,邳县,0516,221300
997,江苏省,city,徐州,0,0516,221000
998,江苏省,district,徐州,鼓楼区,0516,221000
999,江苏省,district,徐州,九里区,0516,221000
1000,江苏省,district,徐州,泉山区,0516,221000
1001,江苏省,district,徐州,睢宁县,0516,221200
1002,江苏省,district,徐州,新沂市,0516,221400
1003,江苏省,district,徐州,丰县,0516,221700
1004,江苏省,city,淮安,0,0517,223001
1005,江苏省,district,淮安,金湖县,0517,211600
1006,江苏省,district,淮安,清河区,0517,223001
1007,江苏省,district,淮安,洪泽县,0517,223100
1008,江苏省,district,淮安,淮阴区,0517,223300
1009,江苏省,district,淮安,淮阴县,0517,223300
1010,江苏省,city,连云港,0,0518,222000
1011,江苏省,district,连云港,连云区,0518,222000
1012,江苏省,district,连云港,海州区,0518,222000
1013,江苏省,district,连云港,灌云县,0518,222200
1014,江苏省,district,连云港,灌南县,0518,223500
1015,江苏省,city,常州,0,0519,213000
1016,江苏省,district,常州,天宁区,0519,213000
1017,江苏省,district,常州,戚墅堰区,0519,213000
1018,江苏省,district,常州,金坛市,0519,213200
1019,江苏省,city,泰州,0,0523,225300
1020,江苏省,district,泰州,靖江市,0523,214500
1021,江苏省,district,泰州,海陵区,0523,225300
1022,江苏省,district,泰州,姜堰市,0523,225500
1023,江苏省,district,泰州,沐阳,0527,223600
1024,江苏省,city,宿迁,0,0527,223800
1025,江苏省,district,宿迁,沭阳县,0527,223600
1026,江苏省,district,宿迁,宿城区,0527,223800
1027,江苏省,district,宿迁,泗洪县,0527,223900
1028,江西省,city,鹰潭,0,0701,335000
1029,江西省,district,鹰潭,月湖区,0701,335000
1030,江西省,district,鹰潭,贵溪市,0701,335400
1031,江西省,city,新余,0,0790,338000
1032,江西省,district,新余,分宜县,0790,336600
1033,江西省,city,南昌,0,0791,330000
1034,江西省,district,南昌,南昌县,0791,330200
1035,江西省,district,南昌,西湖区,0791,330000
1036,江西省,district,南昌,湾里区,0791,330000
1037,江西省,district,南昌,安义县,0791,330500
1038,江西省,city,九江,0,0792,332000
1039,江西省,district,九江,九江县,0792,332100
1040,江西省,district,九江,德安县,0792,330400
1041,江西省,district,九江,瑞昌市,0792,332200
1042,江西省,district,九江,修水县,0792,332400
1043,江西省,district,九江,都昌县,0792,332600
1044,江西省,district,九江,星子县,0792,332800
1045,江西省,district,九江,波阳,0793,333100
1046,江西省,city,上饶,0,0793,334000
1047,江西省,district,上饶,上饶县,0793,334100
1048,江西省,district,上饶,婺源县,0793,333200
1049,江西省,district,上饶,德兴市,0793,334200
1050,江西省,district,上饶,弋阳县,0793,334400
1051,江西省,district,上饶,广丰县,0793,334600
1052,江西省,district,上饶,余干县,0793,335100
1053,江西省,city,抚州,0,0794,344000
1054,江西省,district,抚州,东乡县,0794,331800
1055,江西省,district,抚州,临川区,0794,344100
1056,江西省,district,抚州,乐安县,0794,344300
1057,江西省,district,抚州,南丰县,0794,344500
1058,江西省,district,抚州,南城县,0794,344700
1059,江西省,district,抚州,广昌县,0794,344900
1060,江西省,city,宜春,0,0795,336000
1061,江西省,district,宜春,靖安县,0795,330600
1062,江西省,district,宜春,高安市,0795,330800
1063,江西省,district,宜春,樟树市,0795,331200
1064,江西省,district,宜春,万载县,0795,336100
1065,江西省,district,宜春,宜丰县,0795,336300
1066,江西省,city,吉安,0,0796,343000
1067,江西省,district,吉安,吉安县,0796,343100
1068,江西省,district,吉安,峡江县,0796,331400
1069,江西省,district,吉安,吉水县,0796,331600
1070,江西省,district,吉安,青原区,0796,343000
1071,江西省,district,吉安,永新县,0796,343400
1072,江西省,district,吉安,泰和县,0796,343700
1073,江西省,district,吉安,遂川县,0796,343900
1074,江西省,district,吉安,井岗山,0796,343600
1075,江西省,city,赣州,0,0797,341000
1076,江西省,district,赣州,章贡区,0797,341000
1077,江西省,district,赣州,上犹县,0797,341200
1078,江西省,district,赣州,南康市,0797,341400
1079,江西省,district,赣州,信丰县,0797,341600
1080,江西省,district,赣州,全南县,0797,341800
1081,江西省,district,赣州,安远县,0797,342100
1082,江西省,district,赣州,于都县,0797,342300
1083,江西省,district,赣州,瑞金市,0797,342500
1084,江西省,district,赣州,石城县,0797,342700
1085,江西省,city,景德镇,0,0798,333000
1086,江西省,district,景德镇,昌江区,0798,333000
1087,江西省,district,景德镇,乐平市,0798,333300
1088,江西省,city,萍乡,0,0799,337000
1089,江西省,district,萍乡,安源区,0799,337000
1090,江西省,district,萍乡,上栗县,0799,337000
1091,江西省,district,萍乡,莲花县,0799,337100
1092,辽宁省,city,沈阳,0,024,110000
1093,辽宁省,district,沈阳,和平区,024,110000
1094,辽宁省,district,沈阳,大东区,024,110000
1095,辽宁省,district,沈阳,东陵区,024,110000
1096,辽宁省,district,沈阳,于洪区,024,110000
1097,辽宁省,district,沈阳,苏家屯区,024,110100
1098,辽宁省,district,沈阳,新民市,024,110300
1099,辽宁省,district,沈阳,康平县,024,110500
1100,辽宁省,city,铁岭,0,024,112000
1101,辽宁省,district,铁岭,铁岭县,024,112600
1102,辽宁省,district,铁岭,银州区,024,112000
1103,辽宁省,district,铁岭,西丰县,024,112400
1104,辽宁省,city,大连,0,0411,116000
1105,辽宁省,district,大连,中山区,0411,116000
1106,辽宁省,district,大连,沙河口区,0411,116000
1107,辽宁省,district,大连,旅顺口区,0411,116000
1108,辽宁省,district,大连,普兰店市,0411,116200
1109,辽宁省,district,大连,庄河市,0411,116400
1110,辽宁省,district,大连,金县,0411,116100
1111,辽宁省,city,鞍山,0,0412,114000
1112,辽宁省,district,鞍山,铁东区,0412,114000
1113,辽宁省,district,鞍山,立山区,0412,114000
1114,辽宁省,district,鞍山,台安县,0412,114100
1115,辽宁省,district,鞍山,岫岩满族自治县,0412,118400
1116,辽宁省,city,抚顺,0,024,113000
1117,辽宁省,district,抚顺,抚顺县,024,113100
1118,辽宁省,district,抚顺,东洲区,024,113000
1119,辽宁省,district,抚顺,顺城区,024,113000
1120,辽宁省,district,抚顺,清原满族自治县,024,113300
1121,辽宁省,city,本溪,0,0414,117000
1122,辽宁省,district,本溪,本溪满族自治县,0414,117100
1123,辽宁省,district,本溪,溪湖区,0414,117000
1124,辽宁省,district,本溪,南芬区,0414,117000
1125,辽宁省,district,本溪,本溪县,0414,117100
1126,辽宁省,city,丹东,0,0415,118000
1127,辽宁省,district,丹东,元宝区,0415,118000
1128,辽宁省,district,丹东,振安区,0415,118000
1129,辽宁省,district,丹东,宽甸满族自治县,0415,118200
1130,辽宁省,city,锦州,0,0416,121000
1131,辽宁省,district,锦州,古塔区,0416,121000
1132,辽宁省,district,锦州,太和区,0416,121000
1133,辽宁省,district,锦州,凌海市,0416,121200
1134,辽宁省,district,锦州,黑山县,0416,121400
1135,辽宁省,city,营口,0,0417,115000
1136,辽宁省,district,营口,站前区,0417,115000
1137,辽宁省,district,营口,鲅鱼圈区,0417,115000
1138,辽宁省,district,营口,大石桥市,0417,115100
1139,辽宁省,city,阜新,0,0418,123000
1140,辽宁省,district,阜新,阜新蒙古族自治县,0418,123100
1141,辽宁省,district,阜新,新邱区,0418,123000
1142,辽宁省,district,阜新,清河门区,0418,123000
1143,辽宁省,district,阜新,彰武县,0418,123200
1144,辽宁省,city,辽阳,0,0419,111000
1145,辽宁省,district,辽阳,辽阳县,0419,111200
1146,辽宁省,district,辽阳,白塔区,0419,111000
1147,辽宁省,district,辽阳,宏伟区,0419,111000
1148,辽宁省,district,辽阳,灯塔市,0419,111300
1149,辽宁省,city,朝阳,0,0421,122000
1150,辽宁省,district,朝阳,朝阳县,0421,122000
1151,辽宁省,district,朝阳,龙城区,0421,122000
1152,辽宁省,district,朝阳,喀喇沁左翼蒙古族,0421,122300
1153,辽宁省,district,朝阳,凌源市,0421,122500
1154,辽宁省,city,盘锦,0,0427,124000
1155,辽宁省,district,盘锦,双台子区,0427,124000
1156,辽宁省,district,盘锦,盘山县,0427,124100
1157,辽宁省,city,葫芦岛,0,0429,125000
1158,辽宁省,district,葫芦岛,连山区,0429,125000
1159,辽宁省,district,葫芦岛,南票区,0429,125000
1160,辽宁省,district,葫芦岛,绥中县,0429,125200
1161,内蒙古自治区,city,呼伦贝尔,0,0470,021000
1162,内蒙古自治区,district,呼伦贝尔,海拉尔区,0470,021000
1163,内蒙古自治区,district,呼伦贝尔,新巴尔虎左旗,0470,021200
1164,内蒙古自治区,district,呼伦贝尔,满洲里市,0470,021400
1165,内蒙古自治区,district,呼伦贝尔,牙克石市,0470,022150
1166,内蒙古自治区,district,呼伦贝尔,根河市,0470,022350
1167,内蒙古自治区,district,呼伦贝尔,扎兰屯市,0470,162650
1168,内蒙古自治区,district,呼伦贝尔,莫力达瓦达斡尔族,0470,162850
1169,内蒙古自治区,district,呼伦贝尔,莫力达瓦旗,0470,162800
1170,内蒙古自治区,city,呼和浩特,0,0471,010000
1171,内蒙古自治区,district,呼和浩特,新城区,0471,010000
1172,内蒙古自治区,district,呼和浩特,玉泉区,0471,010000
1173,内蒙古自治区,district,呼和浩特,托克托县,0471,010200
1174,内蒙古自治区,district,呼和浩特,清水河县,0471,011600
1175,内蒙古自治区,city,包头,0,0472,014000
1176,内蒙古自治区,district,包头,东河区,0472,014000
1177,内蒙古自治区,district,包头,青山区,0472,014000
1178,内蒙古自治区,district,包头,土默特右旗,0472,014100
1179,内蒙古自治区,district,包头,达尔罕茂明安,0472,014500
1180,内蒙古自治区,district,包头,达茂旗,0472,014300
1181,内蒙古自治区,city,乌海,0,0473,016000
1182,内蒙古自治区,district,乌海,海勃湾区,0473,016000
1183,内蒙古自治区,district,乌海,乌达区,0473,016000
1184,内蒙古自治区,city,乌兰察布,0,0474,012000
1185,内蒙古自治区,district,乌兰察布,四子王旗,0474,011800
1186,内蒙古自治区,district,乌兰察布,丰镇市,0474,012100
1187,内蒙古自治区,district,乌兰察布,卓资县,0474,012300
1188,内蒙古自治区,district,乌兰察布,化德县,0474,013350
1189,内蒙古自治区,district,乌兰察布,察哈尔右翼中旗,0474,013500
1190,内蒙古自治区,district,乌兰察布,凉城县,0474,013750
1191,内蒙古自治区,city,通辽,0,0475,028000
1192,内蒙古自治区,district,通辽,科尔沁区,0475,028000
1193,内蒙古自治区,district,通辽,库伦旗,0475,028200
1194,内蒙古自治区,district,通辽,开鲁县,0475,028400
1195,内蒙古自治区,district,通辽,霍林郭勒市,0475,029200
1196,内蒙古自治区,city,赤峰,0,0476,024000
1197,内蒙古自治区,district,赤峰,红山区,0476,024000
1198,内蒙古自治区,district,赤峰,松山区,0476,024000
1199,内蒙古自治区,district,赤峰,敖汉旗,0476,024300
1200,内蒙古自治区,district,赤峰,翁牛特旗,0476,024500
1201,内蒙古自治区,district,赤峰,林西县,0476,025250
1202,内蒙古自治区,district,赤峰,巴林左旗,0476,025450
1203,内蒙古自治区,city,鄂尔多斯,0,0477,017000
1204,内蒙古自治区,district,鄂尔多斯,达拉特旗,0477,014300
1205,内蒙古自治区,district,鄂尔多斯,鄂托克前旗,0477,016200
1206,内蒙古自治区,district,鄂尔多斯,准格尔旗,0477,017100
1207,内蒙古自治区,district,鄂尔多斯,乌审旗,0477,017300
1208,内蒙古自治区,district,鄂尔多斯,杭棉旗,0477,017400
1209,内蒙古自治区,city,巴彦淖尔,0,0478,015000
1210,内蒙古自治区,district,巴彦淖尔,乌拉特前旗,0478,014400
1211,内蒙古自治区,district,巴彦淖尔,五原县,0478,015100
1212,内蒙古自治区,district,巴彦淖尔,乌拉特中旗,0478,015300
1213,内蒙古自治区,district,巴彦淖尔,乌拉特后旗,0478,015500
1214,内蒙古自治区,district,巴彦淖尔,乌拉特中镇,0478,015300
1215,内蒙古自治区,district,巴彦淖尔,阿马嗄旗,0479,026100
1216,内蒙古自治区,city,锡林郭勒盟,0,0479,026000
1217,内蒙古自治区,district,锡林郭勒盟,苏尼特右旗,0479,011200
1218,内蒙古自治区,district,锡林郭勒盟,阿巴嘎旗,0479,011400
1219,内蒙古自治区,district,锡林郭勒盟,镶黄旗,0479,013250
1220,内蒙古自治区,district,锡林郭勒盟,锡林浩特市,0479,026000
1221,内蒙古自治区,district,锡林郭勒盟,东乌珠穆沁旗,0479,026300
1222,内蒙古自治区,district,锡林郭勒盟,正蓝旗,0479,027200
1223,内蒙古自治区,district,锡林郭勒盟,科右中旗,0482,029400
1224,内蒙古自治区,city,兴安盟,0,0482,137400
1225,内蒙古自治区,district,兴安盟,科尔沁右翼中旗,0482,029400
1226,内蒙古自治区,district,兴安盟,乌兰浩特市,0482,137400
1227,内蒙古自治区,district,兴安盟,突泉县,0482,137500
1228,内蒙古自治区,city,阿拉善盟,0,0483,750300
1229,内蒙古自治区,district,阿拉善盟,额济纳旗,0483,735400
1230,内蒙古自治区,district,阿拉善盟,阿拉善左旗,0483,750300
1231,宁夏自治区,city,银川,0,0951,750000
1232,宁夏自治区,district,银川,兴庆区,0951,750000
1233,宁夏自治区,district,银川,金凤区,0951,750000
1234,宁夏自治区,district,银川,贺兰县,0951,750200
1235,宁夏自治区,district,银川,陶乐,0952,753500
1236,宁夏自治区,city,石嘴山,0,0952,753000
1237,宁夏自治区,district,石嘴山,大武口区,0952,753000
1238,宁夏自治区,district,石嘴山,惠农区,0952,753600
1239,宁夏自治区,city,吴忠,0,0953,751100
1240,宁夏自治区,district,吴忠,利通区,0953,751100
1241,宁夏自治区,district,吴忠,盐池县,0953,751500
1242,宁夏自治区,city,固原,0,0954,756000
1243,宁夏自治区,district,固原,原州区,0954,756000
1244,宁夏自治区,district,固原,隆德县,0954,756300
1245,宁夏自治区,district,固原,彭阳县,0954,756500
1246,宁夏自治区,city,中卫,0,0955,755000
1247,宁夏自治区,district,中卫,沙坡头区,0955,755000
1248,宁夏自治区,district,中卫,海原县,0955,755200
1249,青海省,city,海北藏族自治州,0,0970,812200
1250,青海省,district,海北藏族自治州,门源回族自治县,0970,810300
1251,青海省,district,海北藏族自治州,海晏县,0970,812200
1252,青海省,city,西宁,0,0971,810000
1253,青海省,district,西宁,城东区,0971,810000
1254,青海省,district,西宁,城西区,0971,810000
1255,青海省,district,西宁,大通回族土族自治县,0971,810100
1256,青海省,city,海东地区,0,0972,810600
1257,青海省,district,海东地区,互助土族自治县,0972,810500
1258,青海省,district,海东地区,乐都县,0972,810700
1259,青海省,district,海东地区,化隆回族自治县,0972,810900
1260,青海省,district,海东地区,湟中县,0972,811600
1261,青海省,city,黄南藏族自治州,0,0973,811300
1262,青海省,district,黄南藏族自治州,尖扎县,0973,811200
1263,青海省,district,黄南藏族自治州,泽库县,0973,811400
1264,青海省,city,海南藏族自治州,0,0974,813000
1265,青海省,district,海南藏族自治州,贵德县,0974,811700
1266,青海省,district,海南藏族自治州,贵南县,0974,813100
1267,青海省,district,海南藏族自治州,兴海县,0974,813300
1268,青海省,city,果洛藏族自治州,0,0975,814000
1269,青海省,district,果洛藏族自治州,久治县,0975,624700
1270,青海省,district,果洛藏族自治州,玛沁县,0975,814000
1271,青海省,district,果洛藏族自治州,达日县,0975,814200
1272,青海省,city,玉树藏族自治州,0,0976,815000
1273,青海省,district,玉树藏族自治州,玉树县,0976,815000
1274,青海省,district,玉树藏族自治州,囊谦县,0976,815200
1275,青海省,district,玉树藏族自治州,治多县,0976,815400
1276,青海省,city,海西蒙古族藏族,0,0979,817000
1277,青海省,district,海西蒙古族藏族,格尔木市,0979,816000
1278,青海省,district,海西蒙古族藏族,德令哈市,0979,817000
1279,青海省,district,海西蒙古族藏族,天峻县,0979,817200
1280,青海省,district,海西蒙古族藏族,茫崖,09840,817500
1281,青海省,district,海西蒙古族藏族,冷湖,09849,817400
1282,四川省 ,city,成都,0,028,610000
1283,四川省 ,district,成都,锦江区,028,610000
1284,四川省 ,district,成都,金牛区,028,610000
1285,四川省 ,district,成都,成华区,028,610000
1286,四川省 ,district,成都,双流县,028,610200
1287,四川省 ,district,成都,金堂县,028,610400
1288,四川省 ,district,成都,温江县,028,611100
1289,四川省 ,district,成都,大邑县,028,611300
1290,四川省 ,district,成都,邛崃市,028,611500
1291,四川省 ,district,成都,郫县,028,611700
1292,四川省 ,district,成都,彭州市,028,611900
1293,四川省 ,city,攀枝花,0,0812,617000
1294,四川省 ,district,攀枝花,东区,0812,617000
1295,四川省 ,district,攀枝花,仁和区,0812,617000
1296,四川省 ,district,攀枝花,米易县,0812,617200
1297,四川省 ,city,自贡,0,0813,643000
1298,四川省 ,district,自贡,自流井区,0813,643000
1299,四川省 ,district,自贡,贡井区,0813,643020
1300,四川省 ,district,自贡,荣县,0813,643100
1301,四川省 ,city,绵阳,0,0816,621000
1302,四川省 ,district,绵阳,涪城区,0816,621000
1303,四川省 ,district,绵阳,三台县,0816,621100
1304,四川省 ,district,绵阳,江油市,0816,621700
1305,四川省 ,district,绵阳,平武县,0816,622550
1306,四川省 ,city,南充,0,0817,637000
1307,四川省 ,district,南充,顺庆区,0817,637000
1308,四川省 ,district,南充,西充县,0817,637200
1309,四川省 ,district,南充,阆中市,0817,637400
1310,四川省 ,district,南充,仪陇县,0817,637600
1311,四川省 ,district,南充,蓬安县,0817,637800
1312,四川省 ,city,达州,0,0818,635000
1313,四川省 ,district,达州,通川区,0818,635000
1314,四川省 ,district,达州,大竹县,0818,635100
1315,四川省 ,district,达州,宣汉县,0818,636150
1316,四川省 ,district,达州,万源市,0818,636350
1317,四川省 ,district,达州,璧山,08225,632700
1318,四川省 ,city,遂宁,0,0825,629000
1319,四川省 ,district,遂宁,船山区,0825,629000
1320,四川省 ,district,遂宁,蓬溪县,0825,629100
1321,四川省 ,district,遂宁,大英县,0825,629300
1322,四川省 ,city,广安,0,0826,638500
1323,四川省 ,district,广安,广安区,0826,638550
1324,四川省 ,district,广安,武胜县,0826,638400
1325,四川省 ,district,广安,华莹市,0826,638600
1326,四川省 ,city,巴中,0,0827,636600
1327,四川省 ,district,巴中,南江县,0827,635600
1328,四川省 ,district,巴中,巴州区,0827,636600
1329,四川省 ,district,巴中,酉阳,08295,648800
1330,四川省 ,district,巴中,彭水,08298,648600
1331,四川省 ,city,泸州,0,0830,646000
1332,四川省 ,district,泸州,江阳区,0830,646000
1333,四川省 ,district,泸州,泸县,0830,646100
1334,四川省 ,district,泸州,纳溪区,0830,646300
1335,四川省 ,district,泸州,古蔺县,0830,646500
1336,四川省 ,city,宜宾,0,0831,644000
1337,四川省 ,district,宜宾,宜宾县,0831,644600
1338,四川省 ,district,宜宾,南溪县,0831,644100
1339,四川省 ,district,宜宾,长宁县,0831,644300
1340,四川省 ,district,宜宾,珙县,0831,644500
1341,四川省 ,district,宜宾,筠连县,0831,645250
1342,四川省 ,city,内江,0,0832,641000
1343,四川省 ,district,内江,市中区,0832,641000
1344,四川省 ,district,内江,资中县,0832,641200
1345,四川省 ,district,内江,威远县,0832,642450
1346,四川省 ,city,资阳,0,028,641300
1347,四川省 ,district,资阳,雁江区,028,641300
1348,四川省 ,district,资阳,乐至县,028,641500
1349,四川省 ,city,乐山,0,0833,614000
1350,四川省 ,district,乐山,井研县,0833,613100
1351,四川省 ,district,乐山,夹江县,0833,614100
1352,四川省 ,district,乐山,峨边彝族自治县,0833,614300
1353,四川省 ,district,乐山,沐川县,0833,614500
1354,四川省 ,district,乐山,金口河区,0833,614700
1355,四川省 ,district,乐山,沙湾区,0833,614900
1356,四川省 ,city,眉山,0,028,620000
1357,四川省 ,district,眉山,东坡区,028,620000
1358,四川省 ,district,眉山,洪雅县,028,620300
1359,四川省 ,district,眉山,仁寿县,028,620500
1360,四川省 ,district,眉山,丹梭,028,612200
1361,四川省 ,city,凉山彝族自治州,0,0834,615000
1362,四川省 ,district,凉山彝族自治州,西昌市,0834,615000
1363,四川省 ,district,凉山彝族自治州,会东县,0834,615200
1364,四川省 ,district,凉山彝族自治州,布拖县,0834,615350
1365,四川省 ,district,凉山彝族自治州,德昌县,0834,615500
1366,四川省 ,district,凉山彝族自治州,盐源县,0834,615700
1367,四川省 ,district,凉山彝族自治州,昭觉县,0834,616150
1368,四川省 ,district,凉山彝族自治州,美姑县,0834,616450
1369,四川省 ,district,凉山彝族自治州,越西县,0834,616650
1370,四川省 ,district,凉山彝族自治州,甘洛县,0834,616850
1371,四川省 ,city,雅安,0,0835,625000
1372,四川省 ,district,雅安,雨城区,0835,625000
1373,四川省 ,district,雅安,荥经县,0835,625200
1374,四川省 ,district,雅安,石棉县,0835,625400
1375,四川省 ,district,雅安,芦山县,0835,625600
1376,四川省 ,city,甘孜藏族自治州,0,0836,626000
1377,四川省 ,district,甘孜藏族自治州,九龙县,0836,616200
1378,四川省 ,district,甘孜藏族自治州,康定县,0836,626000
1379,四川省 ,district,甘孜藏族自治州,丹巴县,0836,626300
1380,四川省 ,district,甘孜藏族自治州,炉霍县,0836,626500
1381,四川省 ,district,甘孜藏族自治州,甘孜县,0836,626700
1382,四川省 ,district,甘孜藏族自治州,白玉县,0836,627150
1383,四川省 ,district,甘孜藏族自治州,石渠县,0836,627350
1384,四川省 ,district,甘孜藏族自治州,巴塘县,0836,627650
1385,四川省 ,district,甘孜藏族自治州,乡城县,0836,627850
1386,四川省 ,city,阿坝藏族羌族,0,0837,624000
1387,四川省 ,district,阿坝藏族羌族,汶川县,0837,623000
1388,四川省 ,district,阿坝藏族羌族,茂县,0837,623200
1389,四川省 ,district,阿坝藏族羌族,九寨沟县,0837,623400
1390,四川省 ,district,阿坝藏族羌族,马尔康县,0837,624000
1391,四川省 ,district,阿坝藏族羌族,小金县,0837,624200
1392,四川省 ,district,阿坝藏族羌族,红原县,0837,624400
1393,四川省 ,district,阿坝藏族羌族,阿坝县,0837,624600
1394,四川省 ,city,德阳,0,0838,618000
1395,四川省 ,district,德阳,旌阳区,0838,618000
1396,四川省 ,district,德阳,绵竹市,0838,618200
1397,四川省 ,district,德阳,什邡市,0838,618400
1398,四川省 ,city,广元,0,0839,628000
1399,四川省 ,district,广元,市中区,0839,628000
1400,四川省 ,district,广元,朝天区,0839,628000
1401,四川省 ,district,广元,旺苍县,0839,628200
1402,四川省 ,district,广元,苍溪县,0839,628400
1403,山东省 ,city,菏泽,0,0530,274000
1404,山东省 ,district,菏泽,牡丹区,0530,274000
1405,山东省 ,district,菏泽,成武县,0530,274200
1406,山东省 ,district,菏泽,曹县,0530,274400
1407,山东省 ,district,菏泽,鄄城县,0530,274600
1408,山东省 ,district,菏泽,巨野县,0530,274900
1409,山东省 ,city,济南,0,0531,250000
1410,山东省 ,district,济南,历下区,0531,250000
1411,山东省 ,district,济南,槐荫区,0531,250000
1412,山东省 ,district,济南,历城区,0531,250100
1413,山东省 ,district,济南,长清区,0531,250300
1414,山东省 ,district,济南,济阳县,0531,251400
1415,山东省 ,city,青岛,0,0532,266000
1416,山东省 ,district,青岛,市南区,0532,266000
1417,山东省 ,district,青岛,四方区,0532,266000
1418,山东省 ,district,青岛,李沧区,0532,266000
1419,山东省 ,district,青岛,崂山区,0532,266100
1420,山东省 ,district,青岛,胶州市,0532,266300
1421,山东省 ,district,青岛,莱西市,0532,266600
1422,山东省 ,city,淄博,0,0533,255000
1423,山东省 ,district,淄博,张店区,0533,255000
1424,山东省 ,district,淄博,博山区,0533,255200
1425,山东省 ,district,淄博,临淄区,0533,255400
1426,山东省 ,district,淄博,高青县,0533,256300
1427,山东省 ,city,德州,0,0534,253000
1428,山东省 ,district,德州,齐河县,0534,251100
1429,山东省 ,district,德州,临邑县,0534,251500
1430,山东省 ,district,德州,平原县,0534,253100
1431,山东省 ,district,德州,武城县,0534,253300
1432,山东省 ,district,德州,陵县,0534,253500
1433,山东省 ,district,德州,庆云县,0534,253700
1434,山东省 ,city,烟台,0,0535,264000
1435,山东省 ,district,烟台,莱州市,0535,261400
1436,山东省 ,district,烟台,莱山区,0535,264000
1437,山东省 ,district,烟台,海阳市,0535,265100
1438,山东省 ,district,烟台,栖霞市,0535,265300
1439,山东省 ,district,烟台,福山区,0535,265500
1440,山东省 ,district,烟台,龙口市,0535,265700
1441,山东省 ,city,潍坊,0,0536,261000
1442,山东省 ,district,潍坊,潍城区,0536,261000
1443,山东省 ,district,潍坊,寒亭区,0536,261100
1444,山东省 ,district,潍坊,昌邑市,0536,261300
1445,山东省 ,district,潍坊,安丘市,0536,262100
1446,山东省 ,district,潍坊,昌乐县,0536,262400
1447,山东省 ,district,潍坊,临朐县,0536,262600
1448,山东省 ,city,济宁,0,0537,272000
1449,山东省 ,district,济宁,市中区,0537,272000
1450,山东省 ,district,济宁,兖州市,0537,272000
1451,山东省 ,district,济宁,鱼台县,0537,272300
1452,山东省 ,district,济宁,汶上县,0537,272500
1453,山东省 ,district,济宁,曲阜市,0537,273100
1454,山东省 ,district,济宁,邹城市,0537,273500
1455,山东省 ,city,泰安,0,0538,271000
1456,山东省 ,district,泰安,泰山区,0538,271000
1457,山东省 ,district,泰安,新泰市,0538,271200
1458,山东省 ,district,泰安,东平县,0538,271500
1459,山东省 ,city,临沂,0,0539,276000
1460,山东省 ,district,临沂,平邑县,0539,273300
1461,山东省 ,district,临沂,兰山区,0539,276000
1462,山东省 ,district,临沂,河东区,0539,276000
1463,山东省 ,district,临沂,蒙阴县,0539,276200
1464,山东省 ,district,临沂,沂水县,0539,276400
1465,山东省 ,district,临沂,临沭县,0539,276700
1466,山东省 ,city,滨州,0,0543,256600
1467,山东省 ,district,滨州,惠民县,0543,251700
1468,山东省 ,district,滨州,无棣县,0543,251900
1469,山东省 ,district,滨州,博兴县,0543,256500
1470,山东省 ,district,滨州,沾化县,0543,256800
1471,山东省 ,city,东营,0,0546,257000
1472,山东省 ,district,东营,东营区,0546,257100
1473,山东省 ,district,东营,广饶县,0546,257300
1474,山东省 ,district,东营,垦利县,0546,257500
1475,山东省 ,city,威海,0,0631,264200
1476,山东省 ,district,威海,环翠区,0631,264200
1477,山东省 ,district,威海,文登市,0631,264400
1478,山东省 ,city,枣庄,0,0632,277000
1479,山东省 ,district,枣庄,市中区,0632,277000
1480,山东省 ,district,枣庄,山亭区,0632,277200
1481,山东省 ,district,枣庄,台儿庄区,0632,277400
1482,山东省 ,city,日照,0,0633,276800
1483,山东省 ,district,日照,五莲县,0633,262300
1484,山东省 ,district,日照,东港区,0633,276800
1485,山东省 ,city,,0,0634,271100
1486,山东省 ,district,,莱城区,0634,271100
1487,山东省 ,city,聊城,0,0635,252000
1488,山东省 ,district,聊城,东昌府区,0635,252000
1489,山东省 ,district,聊城,东阿县,0635,252200
1490,山东省 ,district,聊城,莘县,0635,252400
1491,山东省 ,district,聊城,临清市,0635,252600
1492,陕西省 ,city,西安,0,029,710000
1493,陕西省 ,district,西安,新城区,029,710000
1494,陕西省 ,district,西安,莲湖区,029,710000
1495,陕西省 ,district,西安,未央区,029,710000
1496,陕西省 ,district,西安,阎良区,029,710000
1497,陕西省 ,district,西安,高陵县,029,710200
1498,陕西省 ,district,西安,周至县,029,710400
1499,陕西省 ,district,西安,临潼区,029,710600
1500,陕西省 ,city,咸阳,0,029,712000
1501,陕西省 ,district,咸阳,淳化县,029,711200
1502,陕西省 ,district,咸阳,渭城区,029,712000
1503,陕西省 ,district,咸阳,杨陵区,029,712100
1504,陕西省 ,district,咸阳,兴平市,029,713100
1505,陕西省 ,district,咸阳,乾县,029,713300
1506,陕西省 ,district,咸阳,彬县,029,713500
1507,陕西省 ,district,咸阳,泾阳县,029,713700
1508,陕西省 ,district,咸阳,吴旗,0911,717600
1509,陕西省 ,city,延安,0,0911,716000
1510,陕西省 ,district,延安,黄龙县,0911,715700
1511,陕西省 ,district,延安,甘泉县,0911,716100
1512,陕西省 ,district,延安,延长县,0911,717100
1513,陕西省 ,district,延安,子长县,0911,717300
1514,陕西省 ,district,延安,志丹县,0911,717500
1515,陕西省 ,district,延安,黄陵县,0911,727300
1516,陕西省 ,district,延安,富县,0911,727500
1517,陕西省 ,city,榆林,0,0912,719000
1518,陕西省 ,district,榆林,绥德县,0912,718000
1519,陕西省 ,district,榆林,吴堡县,0912,718200
1520,陕西省 ,district,榆林,子洲县,0912,718400
1521,陕西省 ,district,榆林,定边县,0912,718600
1522,陕西省 ,district,榆林,横山县,0912,719200
1523,陕西省 ,district,榆林,神木县,0912,719300
1524,陕西省 ,city,渭南,0,0913,714000
1525,陕西省 ,district,渭南,富平县,0913,711700
1526,陕西省 ,district,渭南,华县,0913,714100
1527,陕西省 ,district,渭南,潼关县,0913,714300
1528,陕西省 ,district,渭南,澄城县,0913,715200
1529,陕西省 ,district,渭南,韩城市,0913,715400
1530,陕西省 ,district,渭南,白水县,0913,715600
1531,陕西省 ,city,商洛,0,0914,726000
1532,陕西省 ,district,商洛,柞水县,0914,711400
1533,陕西省 ,district,商洛,商州区,0914,726000
1534,陕西省 ,district,商洛,丹凤县,0914,726200
1535,陕西省 ,district,商洛,山阳县,0914,726400
1536,陕西省 ,city,安康,0,0915,725000
1537,陕西省 ,district,安康,宁陕县,0915,711600
1538,陕西省 ,district,安康,汉阴县,0915,725100
1539,陕西省 ,district,安康,紫阳县,0915,725300
1540,陕西省 ,district,安康,平利县,0915,725500
1541,陕西省 ,district,安康,旬阳县,0915,725700
1542,陕西省 ,city,汉中,0,0916,723000
1543,陕西省 ,district,汉中,汉台区,0916,723000
1544,陕西省 ,district,汉中,城固县,0916,723200
1545,陕西省 ,district,汉中,佛坪县,0916,723400
1546,陕西省 ,district,汉中,镇巴县,0916,723600
1547,陕西省 ,district,汉中,勉县,0916,724200
1548,陕西省 ,district,汉中,宁强县,0916,724400
1549,陕西省 ,city,宝鸡,0,0917,721000
1550,陕西省 ,district,宝鸡,渭滨区,0917,721000
1551,陕西省 ,district,宝鸡,千阳县,0917,721100
1552,陕西省 ,district,宝鸡,陈仓区,0917,721300
1553,陕西省 ,district,宝鸡,麟游县,0917,721500
1554,陕西省 ,district,宝鸡,凤县,0917,721700
1555,陕西省 ,district,宝鸡,眉县,0917,722300
1556,陕西省 ,district,宝鸡,宝鸡县,0917,721300
1557,陕西省 ,city,铜川,0,0919,727000
1558,陕西省 ,district,铜川,耀州区,0919,727100
1559,山西省 ,city,朔州,0,0349,036000
1560,山西省 ,district,朔州,朔城区,0349,036002
1561,山西省 ,district,朔州,山阴县,0349,036900
1562,山西省 ,district,朔州,应县,0349,037600
1563,山西省 ,city,忻州,0,0350,034000
1564,山西省 ,district,忻州,忻府区,0350,034000
1565,山西省 ,district,忻州,代县,0350,034200
1566,山西省 ,district,忻州,静乐县,0350,035100
1567,山西省 ,district,忻州,五台县,0350,035500
1568,山西省 ,district,忻州,神池县,0350,036100
1569,山西省 ,district,忻州,岢岚县,0350,036300
1570,山西省 ,district,忻州,河曲县,0350,036500
1571,山西省 ,city,太原,0,0351,030000
1572,山西省 ,district,太原,小店区,0351,030000
1573,山西省 ,district,太原,杏花岭区,0351,030000
1574,山西省 ,district,太原,万柏林区,0351,030000
1575,山西省 ,district,太原,阳曲县,0351,030100
1576,山西省 ,district,太原,娄烦县,0351,030300
1577,山西省 ,city,大同,0,0352,037000
1578,山西省 ,district,大同,大同县,0352,037300
1579,山西省 ,district,大同,城区,0352,037000
1580,山西省 ,district,大同,南郊区,0352,037000
1581,山西省 ,district,大同,左云县,0352,037100
1582,山西省 ,district,大同,广灵县,0352,037500
1583,山西省 ,district,大同,天镇县,0352,038200
1584,山西省 ,city,阳泉,0,0353,045000
1585,山西省 ,district,阳泉,城区,0353,045000
1586,山西省 ,district,阳泉,郊区,0353,045000
1587,山西省 ,district,阳泉,平定县,0353,045200
1588,山西省 ,city,晋中,0,0354,030600
1589,山西省 ,district,晋中,榆次区,0354,030600
1590,山西省 ,district,晋中,祁县,0354,030900
1591,山西省 ,district,晋中,灵石县,0354,031300
1592,山西省 ,district,晋中,介休市,0354,032000
1593,山西省 ,district,晋中,和顺县,0354,032700
1594,山西省 ,district,晋中,寿阳县,0354,045400
1595,山西省 ,city,长治,0,0355,046000
1596,山西省 ,district,长治,长治县,0355,047100
1597,山西省 ,district,长治,城区,0355,046000
1598,山西省 ,district,长治,襄垣县,0355,046200
1599,山西省 ,district,长治,沁县,0355,046400
1600,山西省 ,district,长治,长子县,0355,046600
1601,山西省 ,district,长治,平顺县,0355,047400
1602,山西省 ,district,长治,黎城县,0355,047600
1603,山西省 ,city,晋城,0,0356,048000
1604,山西省 ,district,晋城,高平市,0356,046700
1605,山西省 ,district,晋城,城区,0356,048000
1606,山西省 ,district,晋城,沁水县,0356,048200
1607,山西省 ,city,临汾,0,0357,041000
1608,山西省 ,district,临汾,霍州市,0357,031400
1609,山西省 ,district,临汾,洪洞县,0357,031600
1610,山西省 ,district,临汾,蒲县,0357,041200
1611,山西省 ,district,临汾,永和县,0357,041400
1612,山西省 ,district,临汾,乡宁县,0357,042100
1613,山西省 ,district,临汾,大宁县,0357,042300
1614,山西省 ,district,临汾,安泽县,0357,042500
1615,山西省 ,district,临汾,侯马市,0357,043000
1616,山西省 ,district,临汾,翼城县,0357,043500
1617,山西省 ,city,吕梁,0,0358,033000
1618,山西省 ,district,吕梁,交城县,0358,030500
1619,山西省 ,district,吕梁,汾阳市,0358,032200
1620,山西省 ,district,吕梁,交口县,0358,032400
1621,山西省 ,district,吕梁,离石区,0358,033000
1622,山西省 ,district,吕梁,临县,0358,033200
1623,山西省 ,district,吕梁,中阳县,0358,033400
1624,山西省 ,district,吕梁,兴县,0358,035300
1625,山西省 ,city,运城,0,0359,044000
1626,山西省 ,district,运城,新绛县,0359,043100
1627,山西省 ,district,运城,河津市,0359,043300
1628,山西省 ,district,运城,垣曲县,0359,043700
1629,山西省 ,district,运城,盐湖区,0359,044000
1630,山西省 ,district,运城,万荣县,0359,044200
1631,山西省 ,district,运城,夏县,0359,044400
1632,山西省 ,district,运城,芮城县,0359,044600
1633,新疆自治区 ,city,塔城地区,0,0901,834700
1634,新疆自治区 ,district,塔城地区,塔城市,0901,834300
1635,新疆自治区 ,district,塔城地区,额敏县,0901,834600
1636,新疆自治区 ,city,哈密地区,0,0902,839000
1637,新疆自治区 ,district,哈密地区,哈密市,0902,839000
1638,新疆自治区 ,district,哈密地区,伊吾县,0902,839300
1639,新疆自治区 ,city,和田地区,0,0903,848000
1640,新疆自治区 ,district,和田地区,皮山县,0903,845150
1641,新疆自治区 ,district,和田地区,和田县,0903,848000
1642,新疆自治区 ,district,和田地区,洛浦县,0903,848200
1643,新疆自治区 ,district,和田地区,于田县,0903,848400
1644,新疆自治区 ,city,阿勒泰地区,0,0906,836500
1645,新疆自治区 ,district,阿勒泰地区,富蕴县,0906,836100
1646,新疆自治区 ,district,阿勒泰地区,福海县,0906,836400
1647,新疆自治区 ,district,阿勒泰地区,布尔津县,0906,836600
1648,新疆自治区 ,district,阿勒泰地区,吉木乃县,0906,836800
1649,新疆自治区 ,city,克孜勒苏柯尔克孜,0,0908,845350
1650,新疆自治区 ,district,克孜勒苏柯尔克孜,阿图什市,0908,845350
1651,新疆自治区 ,district,克孜勒苏柯尔克孜,阿克陶县,0908,845550
1652,新疆自治区 ,city,博尔塔拉蒙古,0,0909,833400
1653,新疆自治区 ,district,博尔塔拉蒙古,精河县,0909,833300
1654,新疆自治区 ,district,博尔塔拉蒙古,温泉县,0909,833500
1655,新疆自治区 ,city,克拉玛依,0,0990,834000
1656,新疆自治区 ,district,克拉玛依,克拉玛依区,0990,834000
1657,新疆自治区 ,district,克拉玛依,乌尔禾区,0990,834000
1658,新疆自治区 ,district,克拉玛依,和布克赛尔蒙古,0990,834400
1659,新疆自治区 ,district,克拉玛依,乌鲁木齐县,0991,830000
1660,新疆自治区 ,city,乌鲁木齐,0,0991,830000
1661,新疆自治区 ,district,乌鲁木齐,水磨沟区,0991,830000
1662,新疆自治区 ,district,乌鲁木齐,新市区,0991,830000
1663,新疆自治区 ,district,乌鲁木齐,东山区,0991,830000
1664,新疆自治区 ,district,乌鲁木齐,乌苏市,0992,833300
1665,新疆自治区 ,district,乌鲁木齐,石河子市,0993,832000
1666,新疆自治区 ,city,昌吉回族自治州,0,0994,831100
1667,新疆自治区 ,district,昌吉回族自治州,昌吉市,0994,831100
1668,新疆自治区 ,district,昌吉回族自治州,米泉市,0994,831400
1669,新疆自治区 ,district,昌吉回族自治州,吉木萨尔县,0994,831700
1670,新疆自治区 ,district,昌吉回族自治州,木垒哈萨克自治县,0994,831900
1671,新疆自治区 ,district,昌吉回族自治州,五家渠市,0994,831300
1672,新疆自治区 ,city,吐鲁番地区,0,0995,838000
1673,新疆自治区 ,district,吐鲁番地区,吐鲁番市,0995,838000
1674,新疆自治区 ,district,吐鲁番地区,鄯善县,0995,838200
1675,新疆自治区 ,city,巴音郭楞蒙古,0,0996,841000
1676,新疆自治区 ,district,巴音郭楞蒙古,库尔勒市,0996,841000
1677,新疆自治区 ,district,巴音郭楞蒙古,和硕县,0996,841200
1678,新疆自治区 ,district,巴音郭楞蒙古,博湖县,0996,841400
1679,新疆自治区 ,district,巴音郭楞蒙古,轮台县,0996,841600
1680,新疆自治区 ,district,巴音郭楞蒙古,且末县,0996,841900
1681,新疆自治区 ,city,阿克苏地区,0,0997,843000
1682,新疆自治区 ,district,阿克苏地区,库车县,0997,842000
1683,新疆自治区 ,district,阿克苏地区,沙雅县,0997,842200
1684,新疆自治区 ,district,阿克苏地区,阿克苏市,0997,843000
1685,新疆自治区 ,district,阿克苏地区,阿瓦提县,0997,843200
1686,新疆自治区 ,district,阿克苏地区,柯坪县,0997,843600
1687,新疆自治区 ,district,阿克苏地区,阿拉尔市,0997,843300
1688,新疆自治区 ,city,喀什地区,0,0998,844000
1689,新疆自治区 ,district,喀什地区,巴楚县,0998,843800
1690,新疆自治区 ,district,喀什地区,疏附县,0998,844100
1691,新疆自治区 ,district,喀什地区,伽师县,0998,844300
1692,新疆自治区 ,district,喀什地区,英吉沙县,0998,844500
1693,新疆自治区 ,district,喀什地区,莎车县,0998,844700
1694,新疆自治区 ,district,喀什地区,叶城县,0998,844900
1695,新疆自治区 ,district,喀什地区,图木舒克市,0998,844000
1696,新疆自治区 ,city,伊犁哈萨克自治州,0,0999,835000
1697,新疆自治区 ,district,伊犁哈萨克自治州,伊宁市,0999,835000
1698,新疆自治区 ,district,伊犁哈萨克自治州,霍城县,0999,835200
1699,新疆自治区 ,district,伊犁哈萨克自治州,巩留县,0999,835400
1700,新疆自治区 ,district,伊犁哈萨克自治州,昭苏县,0999,835600
1701,新疆自治区 ,district,伊犁哈萨克自治州,新源县,0999,835800
1702,西藏自治区 ,city,拉萨,0,0891,850000
1703,西藏自治区 ,district,拉萨,城关区,0891,850000
1704,西藏自治区 ,district,拉萨,墨竹工卡县,0891,850200
1705,西藏自治区 ,district,拉萨,堆龙德庆县,0891,851400
1706,西藏自治区 ,district,拉萨,林周县,0891,851600
1707,西藏自治区 ,city,日喀则地区,0,0892,857000
1708,西藏自治区 ,district,日喀则地区,日喀则市,0892,857000
1709,西藏自治区 ,district,日喀则地区,仁布县,0892,857200
1710,西藏自治区 ,district,日喀则地区,江孜县,0892,857400
1711,西藏自治区 ,district,日喀则地区,亚东县,0892,857600
1712,西藏自治区 ,district,日喀则地区,萨迦县,0892,857800
1713,西藏自治区 ,district,日喀则地区,拉孜县,0892,858100
1714,西藏自治区 ,district,日喀则地区,聂拉木县,0892,858300
1715,西藏自治区 ,district,日喀则地区,萨嘎县,0892,858600
1716,西藏自治区 ,district,日喀则地区,仲巴县,0892,858800
1717,西藏自治区 ,city,山南地区,0,0893,856000
1718,西藏自治区 ,district,山南地区,贡嘎县,0893,850700
1719,西藏自治区 ,district,山南地区,浪卡子县,0893,851100
1720,西藏自治区 ,district,山南地区,乃东县,0893,856100
1721,西藏自治区 ,district,山南地区,曲松县,0893,856300
1722,西藏自治区 ,district,山南地区,隆子县,0893,856600
1723,西藏自治区 ,district,山南地区,琼结县,0893,856800
1724,西藏自治区 ,city,林芝地区,0,0894,860000
1725,西藏自治区 ,district,林芝地区,林芝县,0894,860100
1726,西藏自治区 ,district,林芝地区,波密县,0894,860300
1727,西藏自治区 ,district,林芝地区,米林县,0894,860500
1728,西藏自治区 ,district,林芝地区,墨脱县,0894,860700
1729,西藏自治区 ,city,昌都地区,0,0895,854000
1730,西藏自治区 ,district,昌都地区,昌都县,0895,854000
1731,西藏自治区 ,district,昌都地区,贡觉县,0895,854200
1732,西藏自治区 ,district,昌都地区,左贡县,0895,854400
1733,西藏自治区 ,district,昌都地区,八宿县,0895,854600
1734,西藏自治区 ,district,昌都地区,边坝县,0895,855500
1735,西藏自治区 ,district,昌都地区,丁青县,0895,855700
1736,西藏自治区 ,city,那曲地区,0,0896,852000
1737,西藏自治区 ,district,那曲地区,那曲县,0896,852000
1738,西藏自治区 ,district,那曲地区,索县,0896,852200
1739,西藏自治区 ,district,那曲地区,嘉黎县,0896,852400
1740,西藏自治区 ,district,那曲地区,申扎县,0896,853100
1741,西藏自治区 ,district,那曲地区,安多县,0896,853400
1742,西藏自治区 ,city,阿里地区,0,0897,859000
1743,西藏自治区 ,district,阿里地区,噶尔县,0897,859000
1744,西藏自治区 ,district,阿里地区,改则县,0897,859200
1745,西藏自治区 ,district,阿里地区,普兰县,0897,859500
1746,西藏自治区 ,district,阿里地区,日土县,0897,859700
1747,云南省 ,city,西双版纳傣族,0,0691,666100
1748,云南省 ,district,西双版纳傣族,景洪市,0691,666100
1749,云南省 ,district,西双版纳傣族,勐腊县,0691,666300
1750,云南省 ,district,西双版纳傣族,孟腊,0691,666300
1751,云南省 ,city,德宏傣族景颇族,0,0692,678400
1752,云南省 ,district,德宏傣族景颇族,潞西市,0692,678400
1753,云南省 ,district,德宏傣族景颇族,陇川县,0692,678700
1754,云南省 ,district,德宏傣族景颇族,盈江县,0692,679300
1755,云南省 ,city,昭通,0,0870,657000
1756,云南省 ,district,昭通,巧家县,0870,654600
1757,云南省 ,district,昭通,鲁甸县,0870,657100
1758,云南省 ,district,昭通,永善县,0870,657300
1759,云南省 ,district,昭通,盐津县,0870,657500
1760,云南省 ,district,昭通,绥江县,0870,657700
1761,云南省 ,district,昭通,威信县,0870,657900
1762,云南省 ,city,昆明,0,0871,650000
1763,云南省 ,district,昆明,五华区,0871,650000
1764,云南省 ,district,昆明,西山区,0871,650100
1765,云南省 ,district,昆明,安宁市,0871,650300
1766,云南省 ,district,昆明,呈贡县,0871,650500
1767,云南省 ,district,昆明,禄劝彝族苗族,0871,651500
1768,云南省 ,district,昆明,宜良县,0871,652100
1769,云南省 ,district,昆明,东川区,0871,654100
1770,云南省 ,district,昆明,路南,0871,652200
1771,云南省 ,city,大理白族自治州,0,0872,671000
1772,云南省 ,district,大理白族自治州,大理市,0872,671000
1773,云南省 ,district,大理白族自治州,剑川县,0872,671300
1774,云南省 ,district,大理白族自治州,宾川县,0872,671600
1775,云南省 ,district,大理白族自治州,巍山彝族回族,0872,672400
1776,云南省 ,district,大理白族自治州,永平县,0872,672600
1777,云南省 ,district,大理白族自治州,弥渡县,0872,675600
1778,云南省 ,city,红河哈尼族彝族,0,0873,661400
1779,云南省 ,district,红河哈尼族彝族,弥勒县,0873,652300
1780,云南省 ,district,红河哈尼族彝族,建水县,0873,654300
1781,云南省 ,district,红河哈尼族彝族,个旧市,0873,661000
1782,云南省 ,district,红河哈尼族彝族,屏边苗族自治县,0873,661200
1783,云南省 ,district,红河哈尼族彝族,金平苗族瑶族傣族,0873,661500
1784,云南省 ,district,红河哈尼族彝族,石屏县,0873,662200
1785,云南省 ,district,红河哈尼族彝族,绿春县,0873,662500
1786,云南省 ,city,曲靖,0,0874,655000
1787,云南省 ,district,曲靖,会泽县,0874,654200
1788,云南省 ,district,曲靖,马龙县,0874,655100
1789,云南省 ,district,曲靖,沾益县,0874,655500
1790,云南省 ,district,曲靖,陆良县,0874,655600
1791,云南省 ,district,曲靖,罗平县,0874,655800
1792,云南省 ,city,保山,0,0875,678000
1793,云南省 ,district,保山,隆阳区,0875,678000
1794,云南省 ,district,保山,施甸县,0875,678200
1795,云南省 ,district,保山,腾冲县,0875,679100
1796,云南省 ,city,文山壮族苗族,0,0876,663000
1797,云南省 ,district,文山壮族苗族,文山县,0876,663000
1798,云南省 ,district,文山壮族苗族,丘北县,0876,663200
1799,云南省 ,district,文山壮族苗族,富宁县,0876,663400
1800,云南省 ,district,文山壮族苗族,麻栗坡县,0876,663600
1801,云南省 ,city,玉溪,0,0877,653100
1802,云南省 ,district,玉溪,易门县,0877,651100
1803,云南省 ,district,玉溪,江川县,0877,652600
1804,云南省 ,district,玉溪,华宁县,0877,652800
1805,云南省 ,district,玉溪,峨山彝族自治县,0877,653200
1806,云南省 ,district,玉溪,新平彝族傣族自治县,0877,653400
1807,云南省 ,city,楚雄彝族自治州,0,0878,675000
1808,云南省 ,district,楚雄彝族自治州,禄丰县,0878,651200
1809,云南省 ,district,楚雄彝族自治州,永仁县,0878,651400
1810,云南省 ,district,楚雄彝族自治州,楚雄市,0878,675000
1811,云南省 ,district,楚雄彝族自治州,南华县,0878,675200
1812,云南省 ,district,楚雄彝族自治州,大姚县,0878,675400
1813,云南省 ,city,思茅,0,0879,665000
1814,云南省 ,district,思茅,墨江哈尼族自治县,0879,654800
1815,云南省 ,district,思茅,普洱哈尼族彝族自治县,0879,665100
1816,云南省 ,district,思茅,西盟佤族自治县,0879,665700
1817,云南省 ,district,思茅,江城哈尼族彝族自治县,0879,665900
1818,云南省 ,district,思茅,镇沅彝族哈尼族拉祜族,0879,666500
1819,云南省 ,city,临沧,0,0883,677000
1820,云南省 ,district,临沧,云县,0883,675800
1821,云南省 ,district,临沧,临翔区,0883,677000
1822,云南省 ,district,临沧,沧源佤族自治县,0883,677400
1823,云南省 ,district,临沧,永德县,0883,677600
1824,云南省 ,city,怒江傈僳族自治州,0,0886,673100
1825,云南省 ,district,怒江傈僳族自治州,兰坪白族普米族自治县,0886,671400
1826,云南省 ,district,怒江傈僳族自治州,福贡县,0886,673400
1827,云南省 ,district,怒江傈僳族自治州,六库,0886,673100
1828,云南省 ,city,迪庆藏族自治州,0,0887,674400
1829,云南省 ,district,迪庆藏族自治州,香格里拉县,0887,674400
1830,云南省 ,district,迪庆藏族自治州,维西傈僳族自治县,0887,674600
1831,云南省 ,city,丽江,0,0888,674100
1832,云南省 ,district,丽江,古城区,0888,674100
1833,云南省 ,district,丽江,永胜县,0888,674200
1834,云南省 ,district,丽江,华坪县,0888,674800
1835,浙江省 ,city,衢州,0,0570,324000
1836,浙江省 ,district,衢州,柯城区,0570,324000
1837,浙江省 ,district,衢州,江山市,0570,324100
1838,浙江省 ,district,衢州,开化县,0570,324300
1839,浙江省 ,district,衢州,衢县,0570,324000
1840,浙江省 ,city,杭州,0,0571,310000
1841,浙江省 ,district,杭州,上城区,0571,310000
1842,浙江省 ,district,杭州,江干区,0571,310000
1843,浙江省 ,district,杭州,西湖区,0571,310000
1844,浙江省 ,district,杭州,余杭区,0571,311100
1845,浙江省 ,district,杭州,临安市,0571,311300
1846,浙江省 ,district,杭州,桐庐县,0571,311500
1847,浙江省 ,district,杭州,淳安县,0571,311700
1848,浙江省 ,city,湖州,0,0572,313000
1849,浙江省 ,district,湖州,吴兴区,0572,313000
1850,浙江省 ,district,湖州,长兴县,0572,313100
1851,浙江省 ,district,湖州,安吉县,0572,313300
1852,浙江省 ,city,嘉兴,0,0573,314000
1853,浙江省 ,district,嘉兴,秀城区,0573,314000
1854,浙江省 ,district,嘉兴,平湖市,0573,314200
1855,浙江省 ,district,嘉兴,海宁市,0573,314400
1856,浙江省 ,city,宁波,0,0574,315000
1857,浙江省 ,district,宁波,海曙区,0574,315000
1858,浙江省 ,district,宁波,江北区,0574,315000
1859,浙江省 ,district,宁波,镇海区,0574,315200
1860,浙江省 ,district,宁波,余姚市,0574,315400
1861,浙江省 ,district,宁波,宁海县,0574,315600
1862,浙江省 ,district,宁波,北仑区,0574,315800
1863,浙江省 ,city,绍兴,0,0575,312000
1864,浙江省 ,district,绍兴,绍兴县,0575,312000
1865,浙江省 ,district,绍兴,越城区,0575,312000
1866,浙江省 ,district,绍兴,嵊州市,0575,312400
1867,浙江省 ,district,绍兴,嵊县,0575,312400
1868,浙江省 ,city,台州,0,0576,318000
1869,浙江省 ,district,台州,临海市,0576,317000
1870,浙江省 ,district,台州,天台县,0576,317200
1871,浙江省 ,district,台州,温岭市,0576,317500
1872,浙江省 ,district,台州,椒江区,0576,317700
1873,浙江省 ,district,台州,黄岩区,0576,318020
1874,浙江省 ,city,温州,0,0577,325000
1875,浙江省 ,district,温州,鹿城区,0577,325000
1876,浙江省 ,district,温州,瓯海区,0577,325000
1877,浙江省 ,district,温州,瑞安市,0577,325200
1878,浙江省 ,district,温州,平阳县,0577,325400
1879,浙江省 ,district,温州,乐清市,0577,325600
1880,浙江省 ,district,温州,苍南县,0577,325800
1881,浙江省 ,city,丽水,0,0578,323000
1882,浙江省 ,district,丽水,缙云县,0578,321400
1883,浙江省 ,district,丽水,遂昌县,0578,323300
1884,浙江省 ,district,丽水,景宁畲族自治县,0578,323500
1885,浙江省 ,district,丽水,龙泉市,0578,323700
1886,浙江省 ,district,丽水,青田县,0578,323900
1887,浙江省 ,city,金华,0,0579,321000
1888,浙江省 ,district,金华,婺城区,0579,321000
1889,浙江省 ,district,金华,兰溪市,0579,321100
1890,浙江省 ,district,金华,永康市,0579,321300
1891,浙江省 ,district,金华,东阳市,0579,322100
1892,浙江省 ,district,金华,磐安县,0579,322300
1893,浙江省 ,city,舟山,0,0580,316000
1894,浙江省 ,district,舟山,嵊泗县,0580,202450
1895,浙江省 ,district,舟山,普陀区,0580,316100
1896,台湾省 ,city,基隆市,0,8862,200
1897,台湾省 ,city,台北市,0,8862,222
1898,台湾省 ,city,台北县,0,8862,220
1899,台湾省 ,city,花莲县,0,8863,950
1900,台湾省 ,city,桃园县,0,8863,330
1901,台湾省 ,city,新竹县,0,8863,300
1902,台湾省 ,city,宜兰县,0,8863,260
1903,台湾省 ,city,苗栗县,0,88637,360
1904,台湾省 ,city,台中市,0,8864,400
1905,台湾省 ,city,台中市,0,8864,420
1906,台湾省 ,city,彰化县,0,8864,500
1907,台湾省 ,city,南投县,0,88649,540
1908,台湾省 ,city,嘉义县,0,8865,600
1909,台湾省 ,city,云林县,0,8865,640
1910,台湾省 ,city,澎湖县,0,8866,880
1911,台湾省 ,city,台南市,0,8866,700
1912,台湾省 ,city,台南县,0,8866,730
1913,台湾省 ,city,高雄县,0,8867,800
1914,台湾省 ,city,屏东县,0,8868,900
1915,台湾省 ,city,台东县,0,88689,210
1916,台湾省 ,district,台东县,安定,887,0745
1917,台湾省 ,district,台东县,八德,889,0334
1918,台湾省 ,district,台东县,白河,891,0732
1919,台湾省 ,district,台东县,板桥,893,0220
1920,台湾省 ,district,台东县,宝山,895,0308
1921,台湾省 ,district,台东县,北斗,897,0521
1922,台湾省 ,district,台东县,北门,899,0727
1923,台湾省 ,district,台东县,北投,901,0112
1924,台湾省 ,district,台东县,布袋,903,0739
1925,台湾省 ,district,台东县,长宾,905,0937
1926,台湾省 ,district,台东县,潮州,907,0910
1927,台湾省 ,district,台东县,城中区,909,0100
1928,台湾省 ,district,台东县,池上,911,0934
1929,台湾省 ,district,台东县,刺桐,913,0647
